{"NumModels": 1, "ModelIndexes": {"0": "PIPELINE_LOAD_2_RANK_0"}, "ModelDescriptions": [{"Name": "PIPELINE_LOAD_2_RANK_0", "ClassMaps": {"1": "fan", "2": "heater_R1", "3": "heater_R2", "4": "lightbulb", "5": "noLoad", "0": "Unknown"}, "ModelType": "PME", "FeatureNames": ["phase75Percentile", "phaseAbsSum", "reactivePowerAbsSum", "harmonic1AbsSum", "harmonic3AbsSum", "currentMean", "harmonic1Mean", "harmonic3Mean"], "FeatureFunctions": ["75th Percentile", "Absolute Sum", "Absolute Sum", "Absolute Sum", "Absolute Sum", "Mean", "Mean", "Mean"], "AIF": [150, 150, 150, 150, 150, 150], "Category": [5, 4, 2, 3, 1, 5], "Vector": [[252, 250, 0, 6, 11, 0, 130, 185], [128, 0, 12, 181, 0, 5, 218, 178], [128, 0, 202, 35, 233, 131, 109, 14], [127, 0, 184, 174, 1, 253, 40, 177], [158, 61, 226, 66, 96, 2, 160, 245], [130, 5, 0, 1, 2, 0, 128, 179]], "Identifiers": [0, 1, 2, 3, 4, 5], "DistanceMode": 0, "knowledgepack_summary": [{"name": "Windowing", "type": "segmenter", "inputs": {"delta": 1, "input_data": "temp.raw", "train_delta": 0, "window_size": 1, "group_columns": ["segment_uuid", "dataset", "Label"], "enable_train_delta": false, "return_segment_index": false}, "outputs": ["temp.Windowing0"]}, {"set": [{"family": null, "inputs": {"columns": ["phase"]}, "outputs": [0], "function_name": "75th Percentile"}, {"family": null, "inputs": {"columns": ["phase"]}, "outputs": [0], "function_name": "Absolute Sum"}, {"family": null, "inputs": {"columns": ["activePower", "reactivePower"]}, "outputs": [0], "function_name": "Absolute Sum"}, {"family": null, "inputs": {"columns": ["harmonic1"]}, "outputs": [0], "function_name": "Absolute Sum"}, {"family": null, "inputs": {"columns": ["harmonic3"]}, "outputs": [0], "function_name": "Absolute Sum"}, {"family": null, "inputs": {"columns": ["current"]}, "outputs": [0], "function_name": "Mean"}, {"family": null, "inputs": {"columns": ["harmonic1"]}, "outputs": [0], "function_name": "Mean"}, {"family": null, "inputs": {"columns": ["harmonic3"]}, "outputs": [0], "function_name": "Mean"}], "name": "generator_set", "type": "generatorset", "inputs": {"input_data": "temp.Windowing0", "group_columns": ["segment_uuid", "dataset", "Label", "SegmentID"]}, "outputs": ["temp.generator_set0", "temp.features.generator_set0"]}, {"name": "Min Max Scale", "type": "transform", "inputs": {"pad": 0, "max_bound": 255, "min_bound": 0, "input_data": "temp.generator_set0", "passthrough_columns": ["segment_uuid", "dataset", "Label", "SegmentID"], "feature_min_max_parameters": {"maximums": {"gen_0072_phaseAbsSum": 32767.0, "gen_0078_currentMean": 4185.0, "gen_0080_harmonic1Mean": 32720.0, "gen_0081_harmonic3Mean": 13721.0, "gen_0075_harmonic1AbsSum": 32761.0, "gen_0076_harmonic3AbsSum": 31805.0, "gen_0067_phase75Percentile": 32756.0, "gen_0074_reactivePowerAbsSum": 126.0}, "minimums": {"gen_0072_phaseAbsSum": 63.0, "gen_0078_currentMean": 14.0, "gen_0080_harmonic1Mean": -32761.0, "gen_0081_harmonic3Mean": -31805.0, "gen_0075_harmonic1AbsSum": 5.0, "gen_0076_harmonic3AbsSum": 5.0, "gen_0067_phase75Percentile": -32767.0, "gen_0074_reactivePowerAbsSum": 0.0}}}, "outputs": ["temp.Min_Max_Scale0.RCL.0", "temp.features.Min_Max_Scale0.RCL.0"], "feature_table": "temp.features.generator_set0"}], "sensors_columns": ["phase", "current", "activePower", "reactivePower", "harmonic1", "harmonic3"], "uuid": "d1a33df5-8a93-4119-81cb-c1e4ba6c5747"}]}