activePower,apparentPower,current,harmonic1,harmonic2,harmonic3,harmonic4,harmonic5,harmonic6,harmonic7,harmonic8,harmonic9,phase,reactivePower,voltage
1,1,14,780,999,677,569,215,540,746,131,816,23855,1,35697
0,0,14,209,665,492,794,389,676,266,579,602,27795,0,35691
0,1,14,555,962,233,190,353,515,824,397,624,24280,1,35679
0,1,14,491,150,356,272,424,524,420,485,772,29054,0,35678
1,1,14,631,196,419,493,187,370,931,969,525,33811,0,35686
1,2,14,841,456,447,263,407,355,486,567,486,24523,1,35689
1,1,14,712,356,401,895,183,147,631,752,528,32050,0,35707
0,0,14,397,1208,578,410,463,218,20,380,257,31413,0,35688
2,2,14,1226,1182,324,272,577,253,736,356,111,29968,1,35680
0,0,15,381,500,204,676,415,1006,323,375,656,24602,0,35679
0,0,14,457,142,313,390,402,668,346,744,120,28404,0,35675
0,1,15,510,1070,775,512,258,359,349,524,332,21619,1,35671
0,1,14,734,261,264,219,320,692,479,542,965,24942,1,35682
1,2,14,936,289,359,110,852,571,529,207,612,23970,1,35684
2,2,14,1182,228,664,763,298,428,79,180,570,29712,1,35650
1,1,14,558,563,155,527,660,302,297,716,626,34912,0,35600
0,0,15,442,102,492,382,557,241,211,1076,457,31247,0,35634
1,2,14,1126,300,426,266,508,906,487,590,414,27139,1,35691
0,1,14,411,165,261,574,903,268,547,850,662,24286,0,35705
1,1,14,507,343,166,626,550,105,436,690,845,32045,0,35686
1,3,14,1495,584,825,503,672,284,605,678,630,22775,2,35669
0,1,14,454,284,462,191,795,525,870,579,860,29213,0,35691
2,2,14,981,241,139,234,118,498,130,429,1268,33268,0,35712
1,1,14,637,405,633,312,360,388,306,318,471,34853,0,35701
2,2,15,1297,569,395,610,398,507,233,390,597,28151,1,35702
1,2,14,926,52,1002,675,720,131,281,613,678,25300,1,35707
1,1,15,778,150,302,419,922,110,336,240,599,24313,1,35709
2,2,14,1000,912,183,446,285,427,406,193,825,30680,0,35717
1,1,14,571,509,641,632,294,530,339,420,299,32538,0,35722
2,2,14,1150,236,402,216,862,620,91,183,430,30781,1,35704
1,2,14,997,278,773,151,795,482,327,132,144,26487,1,35693
1,1,14,680,676,635,474,435,79,312,958,502,27778,0,35707
0,1,14,498,310,744,539,321,106,531,557,156,27584,0,35731
2,2,15,880,231,620,659,144,83,944,265,152,33907,0,35744
2,2,14,1202,766,338,99,477,195,169,210,781,28893,1,35722
1,2,14,881,558,371,350,573,138,476,357,766,31949,0,35732
2,2,14,1292,322,513,1075,285,284,535,365,305,33572,0,35752
0,0,14,272,588,529,1273,292,115,589,624,730,30362,0,35733
1,1,14,629,368,635,804,149,393,275,232,228,31804,0,35705
2,2,14,1010,677,252,1008,513,108,578,255,487,34904,0,35714
0,0,14,110,633,159,501,467,48,689,702,564,17805,0,35738
2,2,14,1274,498,1071,891,739,227,365,622,524,32754,0,35735
1,2,14,915,159,440,566,163,982,998,217,227,31158,0,35731
1,3,14,1271,569,199,673,372,370,457,677,403,24591,2,35685
3,3,15,1333,272,752,679,489,275,688,389,1038,33777,0,35700
1,1,14,609,319,204,292,129,517,770,221,404,31258,0,35687
0,0,14,168,773,631,494,706,320,64,1070,322,34684,0,35682
0,1,14,875,158,325,389,559,101,133,58,1108,22083,1,35706
1,1,14,730,656,125,457,579,53,772,525,382,28430,0,35717
2,2,15,1020,987,319,826,677,526,731,496,617,32637,0,35710
1,1,14,606,746,421,690,334,299,250,708,188,29060,0,35709
0,0,14,429,1080,108,400,554,365,125,1246,311,33173,0,35674
2,2,14,1061,299,373,796,791,1064,643,756,241,31363,0,35667
2,2,14,1049,956,855,186,289,829,172,616,652,29682,1,35686
2,2,14,994,555,686,445,620,69,392,578,246,32362,0,35708
1,1,14,827,450,361,606,680,430,400,159,366,34437,0,35703
1,2,14,950,231,670,744,189,465,63,94,385,29203,1,35718
0,1,14,524,25,335,313,312,622,796,512,515,23640,1,35720
2,2,14,1203,244,517,175,928,468,433,706,880,27529,1,35690
3,3,14,1581,820,573,722,390,354,305,151,869,29168,1,35701
0,0,14,342,551,654,454,287,730,116,782,718,23564,0,35693
2,2,14,1246,655,501,409,855,273,541,343,264,32993,0,35694
1,1,15,513,364,531,175,684,892,203,293,868,33381,0,35677
0,0,14,440,295,761,772,204,647,671,330,817,26868,0,35689
1,1,14,856,462,274,924,697,746,329,141,443,30913,0,35682
2,3,14,1339,135,423,816,390,102,602,605,740,32254,0,35679
1,1,14,645,172,209,563,723,144,365,533,988,32650,0,35669
0,1,14,476,701,660,244,789,849,607,399,729,22274,1,35665
2,2,14,1038,214,768,778,496,328,110,994,299,30501,0,35711
2,2,15,1207,527,434,420,302,287,985,681,350,29020,1,35708
1,1,15,819,294,97,1083,625,206,547,553,660,33854,0,35706
0,0,14,327,841,334,237,529,587,623,576,287,31186,0,35693
0,1,15,684,418,617,19,656,672,311,421,354,19231,1,35672
1,1,14,737,519,255,292,489,542,1088,471,84,31556,0,35656
0,0,14,427,392,251,161,463,519,851,851,605,33206,0,35671
0,0,14,323,804,697,624,928,422,340,669,710,34300,0,35671
2,2,14,1049,617,237,722,763,356,536,363,675,33017,0,35676
1,1,14,747,614,53,100,493,219,418,372,623,34339,0,35665
0,1,14,759,48,525,368,114,272,662,277,435,24448,1,35640
0,0,15,327,421,306,295,434,602,839,73,386,4124,0,35653
1,1,14,710,1050,309,434,181,354,327,761,808,26507,1,35671
1,1,15,488,113,787,640,842,299,408,276,620,30845,0,35682
2,2,15,1121,454,524,148,335,681,437,192,611,34882,0,35666
0,1,14,521,210,522,961,560,790,511,142,797,30312,0,35643
1,1,14,855,858,284,1004,451,362,615,77,245,31642,0,35677
1,1,14,742,934,339,492,183,900,946,485,1095,28982,0,35729
0,0,15,241,500,355,270,288,408,72,928,335,35051,0,35727
0,0,14,262,182,827,288,923,799,208,471,498,27693,0,35706
0,0,14,166,314,1183,123,702,290,495,267,250,34782,0,35688
0,1,14,770,374,1039,468,568,685,928,709,455,22745,1,35689
2,2,14,1085,236,144,136,930,412,335,483,227,28967,1,35714
2,2,14,1112,201,365,271,582,452,94,223,682,33145,0,35683
1,2,14,924,28,463,782,316,517,776,310,544,31921,0,35658
1,2,14,899,421,205,53,326,772,1041,195,364,28632,1,35687
1,2,14,976,476,541,243,398,290,435,163,272,29437,1,35721
0,1,15,461,883,179,480,612,737,417,248,431,30994,0,35727
2,2,15,1044,171,704,384,744,342,244,147,430,33777,0,35714
1,2,14,1107,307,347,585,307,702,175,317,397,26530,1,35703
1,1,14,626,439,702,510,571,310,196,317,193,34221,0,35696
0,0,14,259,764,651,331,539,571,438,564,977,26336,0,35711
2,2,14,1002,396,328,181,341,354,885,534,542,34800,0,35699
1,1,14,530,352,598,783,368,393,779,275,593,33425,0,35666
2,2,14,1018,846,740,542,264,657,417,601,105,34312,0,35680
1,1,14,768,176,500,847,787,253,35,698,479,33313,0,35704
2,2,14,1126,241,560,585,106,296,976,289,195,30626,1,35700
0,0,14,285,503,415,479,614,105,173,539,184,27404,0,35697
0,0,14,357,545,571,187,578,357,144,302,811,30260,0,35697
0,1,14,564,582,187,928,468,253,310,505,27,16657,1,35706
0,2,14,873,450,748,831,445,475,730,71,271,22366,1,35690
1,1,14,646,127,1103,303,381,755,353,138,941,27791,0,35678
1,2,14,905,793,367,82,690,417,416,774,330,27055,1,35669
0,0,14,421,456,1209,124,729,146,511,437,537,24019,0,35652
0,1,14,699,582,182,825,581,296,140,757,359,22926,1,35646
1,1,14,512,770,707,749,933,902,200,261,847,33880,0,35672
2,2,14,953,641,375,315,350,616,45,390,95,34424,0,35659
3,3,14,1423,228,78,195,144,441,712,220,167,31079,1,35644
1,1,15,517,702,542,433,1038,401,420,710,384,30588,0,35651
1,1,14,653,526,573,783,179,547,424,624,283,32963,0,35674
1,1,14,738,916,313,572,329,1277,518,54,480,6533,0,35658
2,2,14,1176,564,305,843,270,251,629,834,338,32291,0,35622
2,2,14,1174,18,911,665,658,488,298,584,1051,32679,0,35617
2,2,14,1056,401,252,518,258,218,394,242,205,31843,0,35640
0,1,14,474,764,470,402,602,527,373,205,653,26110,0,35669
1,2,14,1191,533,591,1020,850,837,563,580,511,26872,1,35657
2,2,14,996,1120,830,409,545,644,509,993,140,30248,0,35625
2,3,14,1508,274,351,615,649,474,598,813,344,28175,1,35628
1,1,14,503,260,472,279,407,571,265,387,657,30972,0,35691
0,0,14,396,582,417,123,837,560,681,509,405,27411,0,35722
1,1,15,739,521,1072,571,360,625,543,497,453,33920,0,35736
1,1,15,787,175,364,588,523,481,450,501,854,32173,0,35684
0,1,14,727,1051,390,608,285,351,696,569,345,25040,1,35652
1,1,14,602,299,421,340,620,564,1076,411,345,31192,0,35679
1,1,14,828,810,1170,220,350,763,193,242,549,31064,0,35701
0,0,14,112,560,86,479,153,297,748,497,163,34117,0,35704
0,0,14,412,458,301,776,449,324,191,708,324,32635,0,35669
0,1,14,594,423,344,580,903,333,428,553,238,23194,1,35638
0,0,14,108,411,231,301,235,589,210,204,930,13839,0,35663
1,1,14,821,873,361,195,159,835,336,365,262,29929,0,35667
0,0,14,296,703,263,578,461,634,649,616,587,31802,0,35675
1,1,14,556,765,401,257,315,857,854,368,237,32310,0,35668
1,1,15,673,801,493,1032,600,175,241,694,516,30854,0,35647
2,2,14,1211,563,108,472,251,159,595,239,263,30245,1,35653
0,0,14,151,1126,259,513,756,622,438,291,467,33684,0,35683
1,1,14,725,891,864,567,772,336,549,471,427,30275,0,35692
0,0,15,340,594,302,460,1198,485,271,855,488,13624,0,35688
0,0,15,311,321,230,412,792,756,585,339,439,23093,0,35656
2,3,14,1394,384,760,250,401,620,332,281,610,27487,1,35690
1,1,14,784,328,284,131,571,268,434,420,408,35030,0,35696
1,1,14,874,162,82,306,893,577,372,840,502,29903,0,35700
0,1,15,551,606,911,137,923,777,146,431,615,13811,1,35695
2,2,14,1036,469,1043,156,199,822,462,233,411,33080,0,35706
0,0,14,64,190,803,181,385,641,1217,211,309,22237,0,35711
0,0,14,274,186,620,259,400,85,556,253,477,21325,0,35662
1,2,14,1091,156,475,216,508,670,595,38,1325,23014,2,35648
0,0,15,285,770,85,350,993,774,221,657,756,27446,0,35690
1,2,14,929,589,473,137,427,597,639,260,273,27401,1,35746
1,1,14,713,424,214,458,115,185,104,785,134,25842,1,35735
0,0,14,259,171,148,357,634,70,193,625,414,28248,0,35685
0,0,14,214,43,613,29,403,751,597,296,763,17269,0,35672
1,1,15,587,715,952,209,302,296,894,1050,333,29576,0,35648
2,2,15,1070,90,381,296,789,439,395,544,230,33696,0,35687
2,2,14,1027,208,856,746,385,634,889,500,234,34777,0,35706
2,2,14,924,1038,532,699,543,170,876,149,317,34278,0,35675
1,1,15,557,159,492,257,482,530,265,564,1214,30677,0,35645
2,2,14,940,270,366,300,373,537,381,531,322,35050,0,35658
0,0,14,413,182,193,199,452,643,384,718,611,34757,0,35667
1,1,15,610,563,935,809,406,487,873,584,769,31914,0,35665
1,1,14,666,156,298,354,207,662,619,409,267,34076,0,35674
0,1,14,525,548,449,969,736,915,771,607,436,18732,1,35684
0,0,14,403,307,621,440,116,178,356,359,386,29491,0,35705
2,2,14,945,736,417,558,369,472,298,405,361,34641,0,35667
1,1,14,606,244,327,493,674,129,118,96,728,32222,0,35645
1,1,15,619,192,461,449,540,612,1034,195,109,31559,0,35650
1,2,14,934,131,443,618,489,149,573,316,373,25361,1,35663
1,1,14,682,445,910,600,476,1039,303,504,171,30677,0,35680
0,0,14,341,337,467,558,981,872,366,192,205,34439,0,35694
2,2,14,1173,502,178,181,202,189,44,287,672,29829,1,35683
2,2,14,1167,280,270,838,419,766,549,741,507,30907,0,35681
0,0,14,380,102,1601,483,122,696,709,583,259,30496,0,35705
0,0,14,338,372,836,535,462,176,507,517,775,30983,0,35680
2,3,14,1637,92,302,128,156,590,443,235,469,25021,2,35686
1,1,15,566,1050,580,677,758,222,582,324,575,31175,0,35691
2,2,15,1252,856,316,437,562,582,35,479,217,31470,0,35723
0,0,14,327,663,265,655,211,382,384,627,366,22390,0,35707
1,1,14,478,411,397,299,642,540,509,976,485,32564,0,35725
1,1,14,802,946,561,828,287,74,799,145,184,34719,0,35697
0,1,14,534,441,230,163,878,766,213,299,601,27123,0,35688
0,1,15,501,797,529,837,100,324,532,233,667,29225,0,35696
1,2,14,1007,503,424,540,267,255,599,640,301,28810,1,35696
0,0,14,446,85,315,167,494,336,511,560,448,17011,0,35697
1,1,14,651,1229,558,448,363,347,512,61,385,32326,0,35671
0,0,14,439,414,436,722,467,323,574,729,270,31441,0,35698
0,1,14,436,424,398,912,627,431,500,833,982,29174,0,35712
2,2,14,975,801,330,405,82,359,558,1134,283,35076,0,35715
1,1,14,670,997,86,201,611,255,279,243,591,27514,0,35700
0,0,14,349,939,497,600,638,417,38,436,515,21532,0,35714
1,1,14,828,874,130,542,1040,441,420,607,107,32034,0,35722
1,2,15,882,299,798,433,351,159,97,660,344,30761,0,35705
2,2,14,1078,95,325,570,832,195,490,772,105,32663,0,35674
0,2,14,1201,663,443,627,411,150,592,173,515,15440,2,35672
1,1,14,637,964,499,650,781,458,238,373,124,33289,0,35690
0,0,14,224,1003,492,495,554,1390,384,691,494,12541,0,35712
2,2,15,1175,602,596,872,457,176,300,406,172,32933,0,35716
2,2,14,1168,105,647,401,314,1066,199,404,453,26875,1,35685
1,1,14,642,793,69,387,327,659,484,408,83,33615,0,35677
0,1,14,390,66,562,790,679,160,893,944,313,20385,1,35705
0,0,15,352,616,280,323,603,486,827,925,583,29150,0,35708
0,1,14,673,794,483,337,641,554,329,402,338,20763,1,35681
3,3,14,1544,454,1161,290,809,806,618,421,721,35016,0,35695
2,2,14,1044,543,934,648,664,912,366,941,588,31806,0,35721
1,1,14,755,742,652,279,103,748,683,621,582,33696,0,35737
0,1,14,759,536,126,67,633,350,195,617,707,18654,1,35732
1,1,14,861,864,702,363,630,298,318,284,228,33259,0,35695
1,1,14,777,311,785,387,653,72,881,183,605,33092,0,35693
0,0,14,218,293,180,909,490,41,637,52,216,29470,0,35731
0,1,14,578,988,471,559,311,441,700,408,391,26265,0,35741
1,1,14,671,420,180,282,740,818,366,191,375,34412,0,35697
2,2,14,1211,111,540,602,191,749,786,738,298,33115,0,35690
1,1,14,787,634,275,757,223,911,420,453,346,28618,1,35689
0,0,14,301,1258,277,622,499,128,830,432,802,29797,0,35691
0,1,14,531,849,462,318,658,508,519,497,222,28555,0,35701
1,1,14,846,271,654,549,275,479,282,422,333,30289,0,35692
2,2,14,1203,794,338,883,301,979,484,529,493,30252,1,35707
0,0,14,477,155,150,463,607,293,726,327,437,24721,0,35705
1,1,14,913,379,836,879,148,305,1018,446,394,26696,1,35714
1,1,14,451,432,528,727,532,186,26,856,546,34850,0,35707
1,1,14,745,302,214,445,384,775,233,383,670,32695,0,35710
0,0,14,392,592,509,429,509,554,492,1181,86,24571,0,35740
2,2,15,882,636,580,650,662,494,1272,558,253,32721,0,35712
1,1,14,591,226,330,504,228,742,550,292,246,28509,0,35706
3,3,15,1633,887,1161,591,329,330,623,266,981,30431,1,35671
1,1,14,798,414,354,366,240,145,321,425,566,34694,0,35672
1,1,15,652,944,327,596,540,646,793,629,371,30137,0,35678
2,2,14,1038,331,408,423,406,132,684,236,883,32108,0,35675
0,0,14,257,919,414,386,616,697,498,125,108,5144,0,35650
3,3,14,1480,131,146,473,108,284,736,562,580,31116,1,35652
2,2,14,952,586,241,104,67,721,340,636,519,32265,0,35669
2,2,14,1091,811,256,541,206,1086,431,500,866,31623,0,35653
2,2,14,1096,524,142,223,383,418,216,316,477,31064,0,35645
2,2,15,923,341,298,250,421,324,822,516,103,33528,0,35632
2,2,14,1128,577,593,835,241,482,677,251,40,29711,1,35628
0,0,14,373,789,410,224,695,146,644,632,411,34811,0,35638
1,2,14,912,330,579,336,151,443,846,325,499,28778,1,35656
1,1,15,591,614,946,72,854,1077,579,545,704,32467,0,35680
0,0,14,324,436,262,409,698,643,186,879,244,23415,0,35686
0,0,14,205,231,299,278,704,177,433,681,426,8481,0,35694
0,1,14,482,346,263,691,465,585,294,151,139,23273,0,35682
1,1,14,490,842,595,372,388,197,480,739,106,6138,0,35676
1,1,15,494,254,228,362,564,209,293,297,733,34131,0,35641
1,1,14,705,345,814,522,560,176,93,618,168,32168,0,35631
1,1,14,498,1097,532,858,590,296,314,576,709,29595,0,35640
2,2,14,967,344,695,567,660,353,269,303,950,30718,0,35657
0,1,15,554,323,354,108,467,138,450,686,185,21586,1,35654
0,2,14,971,470,741,340,226,339,88,310,599,20946,2,35657
0,1,14,456,549,658,210,757,239,356,340,219,27055,0,35643
0,1,14,456,431,855,776,200,737,500,180,192,30154,0,35634
0,1,14,646,117,76,538,306,714,356,558,774,25224,1,35658
1,1,14,520,510,607,388,374,524,882,483,831,32157,0,35680
1,1,14,716,740,645,790,917,246,477,1278,414,32054,0,35675
1,1,14,630,333,706,642,619,471,389,437,323,29121,0,35631
1,1,14,721,408,329,344,192,241,330,317,352,28369,0,35644
1,1,14,607,616,328,596,756,547,117,457,303,27476,0,35646
0,0,14,182,239,562,497,471,432,153,81,372,16435,0,35650
2,2,14,960,326,137,354,537,156,665,291,348,31893,0,35635
1,1,14,586,928,284,135,762,620,710,252,511,32892,0,35626
2,3,14,1378,582,309,444,475,687,315,82,573,29194,1,35630
1,2,14,922,666,600,469,501,112,557,509,666,31542,0,35635
1,1,14,804,185,276,279,516,1160,251,1125,813,26033,1,35626
0,1,14,834,351,533,409,425,601,588,175,537,23551,1,35601
2,2,14,1034,450,351,865,790,328,557,1098,542,33625,0,35618
0,0,14,377,667,499,735,42,168,413,1161,410,29135,0,35629
2,2,14,997,407,642,285,927,371,454,299,560,32432,0,35661
1,1,14,654,1101,967,494,434,283,558,462,846,28000,0,35653
1,1,14,641,527,326,357,164,291,511,304,284,34474,0,35656
0,0,15,285,115,444,643,139,293,279,881,593,31512,0,35640
0,1,14,457,883,688,917,98,1146,371,203,458,27736,0,35659
0,0,14,510,648,527,220,328,763,298,368,396,23592,0,35667
1,1,15,826,532,657,263,502,98,752,364,1044,34043,0,35654
1,1,14,533,161,437,201,619,842,888,306,751,29708,0,35661
0,1,14,543,388,649,595,345,237,411,719,433,26264,0,35665
1,1,14,756,660,303,296,601,244,519,436,1236,33521,0,35663
0,0,14,178,781,1300,610,590,288,864,552,367,20205,0,35661
0,0,14,337,128,351,575,364,390,849,279,693,27693,0,35665
0,0,15,140,279,171,497,157,366,373,431,981,24037,0,35661
1,2,14,990,841,644,723,307,674,444,199,539,29275,1,35651
0,0,14,306,282,165,605,430,311,548,73,579,7294,0,35652
0,0,15,419,693,635,790,805,290,586,64,316,25778,0,35650
0,0,15,322,370,661,579,446,258,569,203,1033,31656,0,35649
1,2,14,917,376,596,686,394,225,125,289,551,25523,1,35664
0,1,14,448,573,26,573,498,322,603,594,86,29373,0,35647
1,1,15,823,420,452,1035,612,429,659,446,575,29545,0,35629
1,1,14,850,570,619,212,340,531,1278,530,73,34309,0,35640
1,1,14,815,174,561,394,349,889,43,291,388,31879,0,35652
1,1,14,744,304,665,105,453,397,298,626,295,30790,0,35652
2,2,14,1139,422,1002,764,106,391,394,461,805,31529,0,35650
1,2,14,912,189,545,516,837,574,450,427,713,30458,0,35653
1,1,14,593,1180,597,247,75,845,87,416,332,32355,0,35650
1,2,14,1057,436,136,202,609,392,622,158,260,27954,1,35655
2,2,14,936,355,26,869,354,845,172,536,843,34089,0,35659
1,1,14,782,103,535,228,532,859,714,318,209,31591,0,35635
0,1,14,464,508,568,487,863,174,187,294,337,20607,1,35639
2,2,15,1063,476,313,282,929,516,184,322,168,32280,0,35661
0,0,14,363,874,616,502,718,112,316,292,919,22298,0,35679
0,0,14,387,697,306,77,376,241,178,746,255,33127,0,35683
2,2,14,1108,597,304,705,438,513,647,702,449,32082,0,35675
0,0,14,384,373,182,526,393,393,285,281,405,34636,0,35682
1,1,14,632,506,1038,408,859,376,680,451,149,34656,0,35670
1,1,14,680,413,593,704,455,825,250,160,233,26211,1,35664
0,1,15,491,503,371,209,747,87,350,681,567,28112,0,35669
1,1,14,843,328,496,69,428,395,6,435,466,29883,0,35686
0,1,15,489,546,99,257,196,437,724,547,116,25653,0,35658
1,1,14,567,402,379,88,472,972,716,401,175,34807,0,35657
2,2,14,903,161,251,378,538,432,787,284,404,34583,0,35663
2,2,15,1092,563,244,519,454,316,160,281,552,34329,0,35658
2,2,14,1001,415,699,512,619,293,985,521,1262,31560,0,35678
2,2,14,1268,818,94,175,419,768,626,509,228,26939,1,35693
0,1,15,637,692,1076,833,838,528,395,253,488,22727,1,35679
1,1,14,514,557,729,320,370,690,524,848,531,30788,0,35650
1,1,14,865,504,211,183,652,154,886,516,452,29849,0,35665
0,1,14,698,390,468,52,53,256,639,189,666,24182,1,35694
0,0,14,105,731,83,952,441,487,217,133,537,9545,0,35690
1,1,14,609,472,200,664,304,785,422,526,400,29543,0,35657
4,4,15,1867,403,494,382,369,463,983,209,362,32361,1,35635
1,1,14,875,167,866,332,418,218,418,959,153,27682,1,35641
0,1,14,652,397,453,122,689,241,1008,754,639,19386,1,35642
2,2,14,1106,957,758,72,732,191,1195,424,125,32420,0,35655
2,2,14,1261,1003,855,463,1039,1073,279,670,385,31816,0,35635
1,1,14,828,184,751,786,849,214,794,420,452,25640,1,35629
0,0,14,297,502,467,338,338,483,208,149,343,18257,0,35644
0,1,15,415,980,409,131,15,647,467,503,1016,26612,0,35681
2,2,14,1247,462,155,531,166,640,204,565,570,28865,1,35668
2,2,14,1230,397,757,130,433,673,732,327,726,31778,0,35626
1,1,14,719,271,386,551,154,594,611,20,599,35117,0,35602
0,0,14,124,313,634,340,325,289,591,70,1162,11736,0,35617
0,0,14,262,287,545,546,670,255,54,147,297,19166,0,35648
1,1,15,626,171,289,1284,441,540,1005,738,299,27766,0,35655
1,1,14,610,846,301,319,736,455,472,536,518,27680,0,35675
2,2,14,1151,254,426,1103,663,866,762,477,480,33780,0,35674
2,2,15,1138,356,148,547,342,519,417,1338,370,32263,0,35669
0,0,14,385,670,311,165,933,621,526,703,215,30494,0,35683
0,0,14,277,543,103,476,267,143,69,453,273,28535,0,35684
3,3,14,1358,831,534,151,728,526,574,243,487,32415,0,35672
1,1,14,647,735,493,366,613,736,466,516,771,30846,0,35657
0,0,15,334,1179,1027,946,347,812,187,215,514,25024,0,35653
1,2,14,877,868,527,851,499,1044,805,483,403,28195,1,35638
1,1,14,735,234,409,247,541,398,642,186,142,33621,0,35628
1,2,14,962,1150,417,773,428,295,354,442,860,24446,1,35596
2,2,15,1045,433,554,629,490,938,130,705,1050,31721,0,35626
1,1,14,792,1000,470,102,708,198,235,552,372,31690,0,35642
0,0,14,349,438,705,452,289,566,153,765,282,20934,0,35652
0,1,14,551,419,197,518,418,477,227,364,372,10853,0,35675
2,2,14,1040,555,215,717,423,354,317,343,568,29091,1,35667
2,2,14,1060,1161,1099,427,1028,408,569,422,249,34587,0,35640
2,2,15,1314,654,610,484,174,333,904,164,376,28482,1,35668
1,1,14,841,261,237,443,624,457,504,450,695,34663,0,35677
3,3,15,1692,680,367,517,580,631,821,486,473,34474,0,35672
0,0,15,158,306,707,457,879,224,692,395,872,1716,0,35642
2,2,14,1113,321,97,146,472,481,429,231,637,29293,1,35640
1,1,15,733,561,1123,316,96,680,439,98,542,27243,1,35650
1,1,14,498,139,213,322,527,578,390,313,679,32571,0,35679
1,2,15,1190,121,777,1042,609,779,351,359,287,24361,2,35686
0,0,14,356,273,436,776,663,647,97,172,352,25415,0,35671
1,1,15,509,1060,870,458,17,297,678,381,444,32714,0,35676
1,1,14,572,366,857,436,511,393,362,280,843,30725,0,35679
2,2,14,1127,471,952,633,271,115,305,510,517,28846,1,35700
1,1,14,654,822,441,404,139,190,756,182,287,25972,1,35702
1,2,14,1239,200,731,208,316,371,280,455,561,24020,2,35697
1,1,14,613,710,642,225,261,296,458,523,711,27495,0,35706
0,1,14,523,635,23,680,405,59,113,659,161,21770,1,35695
1,1,14,595,635,818,878,714,236,564,715,404,30860,0,35713
2,2,14,1251,810,427,263,134,398,405,436,198,31908,0,35718
1,1,14,725,347,763,565,253,433,784,270,106,30717,0,35724
0,0,14,390,767,528,897,151,531,622,491,42,9727,0,35711
0,0,15,454,917,579,460,254,687,519,492,567,29906,0,35734
0,0,15,369,437,739,1014,509,1012,233,767,377,31415,0,35726
1,1,14,679,712,501,714,452,459,389,257,598,33318,0,35684
1,2,14,928,169,703,694,634,345,724,668,426,26325,1,35678
0,1,14,834,153,216,126,465,194,460,216,575,23188,1,35683
2,2,14,982,417,394,252,109,148,544,489,637,33036,0,35711
1,1,15,675,563,410,466,272,849,322,457,410,34283,0,35721
2,2,14,985,543,997,715,361,147,255,450,300,33344,0,35700
1,1,14,677,852,555,579,595,1297,632,627,455,34947,0,35694
1,2,14,956,577,15,273,249,266,424,425,838,26493,1,35697
0,1,14,643,572,443,217,513,100,627,561,516,23615,1,35725
1,1,14,805,268,114,385,723,73,226,697,452,33104,0,35718
1,2,14,882,1092,229,950,355,791,310,365,921,28257,1,35707
0,0,14,410,743,660,782,180,643,246,684,864,24197,0,35700
1,1,14,639,264,177,614,396,230,264,383,552,30696,0,35704
1,1,15,525,570,238,637,271,201,348,208,667,30766,0,35716
0,0,14,370,785,783,457,710,319,194,773,654,26193,0,35712
2,2,14,1160,613,185,819,827,140,1071,518,572,31877,0,35710
2,2,14,1163,248,219,528,357,225,164,414,644,27860,1,35704
0,1,14,464,128,47,349,201,422,578,492,84,10270,0,35700
2,2,14,1187,718,267,524,590,532,391,252,291,31373,0,35696
1,1,14,563,428,181,427,660,744,1178,453,199,31066,0,35690
0,1,14,551,357,685,304,286,164,139,174,423,8207,0,35716
1,1,14,859,355,589,236,880,856,370,849,254,24300,1,35725
2,2,14,1026,106,179,164,858,143,818,545,466,34273,0,35698
0,1,14,783,411,432,1264,286,389,371,757,816,21474,1,35687
1,1,14,638,463,784,446,491,199,843,553,634,30869,0,35669
1,1,14,477,731,592,882,556,711,467,494,429,32973,0,35672
1,1,14,582,1081,837,961,172,318,441,657,523,32946,0,35669
0,0,14,384,602,405,273,348,686,361,323,309,27806,0,35664
0,0,14,296,704,344,133,106,304,630,558,796,11086,0,35679
1,1,15,760,594,205,688,366,788,585,667,375,24782,1,35681
2,2,14,966,190,406,595,812,157,705,298,492,32804,0,35681
2,2,15,1053,357,737,604,757,564,644,676,914,32289,0,35682
0,1,14,428,461,439,823,168,530,324,285,242,23418,0,35688
1,1,14,750,1022,745,662,680,397,554,499,376,30428,0,35699
0,0,14,112,315,1083,418,505,845,462,1265,603,5190,0,35714
0,1,14,545,177,84,380,635,471,704,127,725,11690,1,35689
0,1,14,782,735,685,276,121,756,753,644,341,21536,1,35693
0,0,14,114,582,605,542,1059,682,309,588,328,1357,0,35696
1,1,14,623,267,751,697,662,909,508,480,375,27326,0,35693
0,0,14,322,254,343,120,334,467,194,474,194,17026,0,35686
1,1,14,585,55,155,826,330,395,470,170,480,31791,0,35686
2,2,14,1082,588,460,12,519,472,113,716,210,31970,0,35682
0,0,14,207,307,1028,231,933,638,277,408,371,30077,0,35688
1,1,14,564,565,302,409,400,477,726,775,469,34237,0,35688
1,2,15,910,336,735,687,367,333,740,354,380,29997,0,35702
2,2,15,1108,631,397,723,705,707,456,457,886,33806,0,35710
0,1,15,728,635,802,253,319,249,657,736,479,22987,1,35697
0,1,14,561,616,637,202,1137,609,530,486,534,26367,0,35692
1,1,14,747,689,329,1172,736,579,328,307,375,29083,0,35696
1,1,14,638,743,506,434,403,528,568,1034,442,31211,0,35703
0,0,14,208,377,282,665,634,534,352,883,342,29697,0,35698
0,1,14,542,688,318,345,916,110,246,158,616,22553,1,35701
1,1,15,565,455,435,407,685,308,270,483,332,30653,0,35710
0,0,15,225,622,614,653,446,311,258,278,314,21982,0,35736
1,1,14,496,1014,511,672,343,135,621,348,754,30825,0,35736
2,2,14,1241,162,439,506,382,150,259,486,430,28131,1,35730
0,2,14,1193,377,107,625,650,235,268,350,844,17178,2,35716
1,2,15,1210,832,224,473,603,271,586,295,211,24122,2,35702
0,1,14,631,704,407,1239,234,308,275,615,409,25224,1,35712
0,0,15,380,835,572,457,189,605,175,507,486,19236,0,35716
0,0,14,309,617,593,353,415,773,856,274,357,31406,0,35738
0,0,14,395,419,353,147,335,487,1094,656,326,29872,0,35724
1,1,14,715,243,511,429,674,801,106,729,768,25306,1,35701
0,1,14,600,112,891,751,434,1056,309,180,596,23138,1,35672
1,1,14,727,219,494,530,363,912,397,256,499,30355,0,35656
0,0,14,334,385,182,467,541,440,169,299,732,14957,0,35650
1,1,14,801,311,170,464,678,257,227,115,720,29982,0,35643
1,1,14,656,1185,708,599,301,663,847,587,460,29927,0,35645
0,1,14,700,902,108,718,283,210,632,263,312,24211,1,35691
1,2,14,1127,401,254,471,407,737,499,25,215,27195,1,35700
0,1,14,417,607,521,484,623,564,603,462,298,25277,0,35667
0,0,14,255,285,546,418,381,468,872,431,168,17425,0,35635
1,1,14,840,477,379,327,550,1098,276,481,145,31736,0,35640
0,1,14,807,788,495,215,590,715,207,302,338,20850,1,35667
1,1,14,763,627,759,275,358,471,609,796,736,35086,0,35676
2,2,14,1049,279,898,348,448,610,243,396,302,30717,0,35654
0,0,14,169,1034,361,446,594,469,181,50,373,23912,0,35647
0,0,14,284,583,492,345,367,308,20,543,662,27560,0,35665
1,1,14,722,339,538,76,428,914,831,265,251,32707,0,35660
1,1,14,687,265,72,372,599,538,642,687,795,26974,1,35640
0,1,14,481,568,696,192,643,493,334,739,216,29512,0,35633
1,1,14,655,652,466,711,483,255,860,302,178,30399,0,35640
1,1,15,582,949,1143,709,505,358,680,718,590,35133,0,35663
1,2,15,845,1045,770,485,234,117,454,473,991,31594,0,35664
0,1,14,441,349,240,687,272,423,235,499,623,28665,0,35646
1,1,15,752,1037,771,569,973,811,773,603,393,32620,0,35646
1,1,14,744,411,637,447,833,178,245,615,395,33963,0,35658
1,2,14,960,408,262,63,288,551,663,601,465,25998,1,35667
1,1,15,631,313,374,495,638,189,266,351,657,34953,0,35671
3,3,14,1691,719,443,452,270,467,820,346,186,34979,0,35675
0,2,15,1122,242,337,762,459,354,971,193,677,21252,2,35666
2,2,14,1235,706,446,135,155,101,750,751,457,34075,0,35672
2,2,14,865,515,305,140,437,355,317,644,229,33335,0,35694
1,1,14,827,554,784,660,540,230,723,484,82,33775,0,35703
0,0,14,159,650,964,209,427,419,542,235,263,12816,0,35708
0,1,14,506,468,394,630,1077,463,426,639,282,16865,1,35710
1,2,14,885,391,395,482,880,441,270,395,92,26802,1,35714
1,1,14,733,453,942,786,258,115,239,277,280,26699,1,35711
0,0,14,464,740,406,665,501,969,308,573,317,8113,0,35702
1,1,14,748,297,769,152,218,422,673,1126,638,33203,0,35703
1,1,14,645,298,616,443,352,502,450,362,436,34153,0,35709
1,1,14,871,203,218,225,455,586,497,285,284,33361,0,35710
2,2,14,1141,304,819,219,783,738,260,138,633,33823,0,35730
0,0,15,142,933,676,550,528,177,435,316,581,29854,0,35749
0,1,15,478,846,481,526,138,471,438,944,857,28985,0,35751
1,1,14,620,338,292,51,321,248,387,134,231,29792,0,35739
2,2,14,1114,574,637,1066,267,282,395,222,482,33188,0,35738
1,1,14,802,475,1039,766,846,249,213,857,686,29082,0,35719
0,1,14,542,109,433,165,294,531,266,615,324,26425,0,35717
0,0,14,263,636,497,816,622,331,254,798,547,31396,0,35717
1,1,15,862,211,800,343,372,564,282,481,631,30244,0,35728
2,2,14,1173,101,228,101,562,576,423,333,315,27119,1,35713
1,1,14,663,72,895,412,682,339,520,791,428,26099,1,35712
1,1,14,503,566,246,664,595,435,506,1023,179,33419,0,35703
0,0,15,400,484,329,478,923,887,551,329,649,2896,0,35711
0,1,14,449,588,704,706,119,596,960,251,234,25497,0,35729
2,2,15,1099,685,404,228,618,522,291,211,724,32855,0,35731
1,1,15,706,647,282,818,246,811,510,875,720,28756,0,35716
1,1,14,574,1011,912,623,464,641,872,410,796,27528,0,35714
1,2,14,1001,453,416,322,168,484,435,375,438,28776,1,35723
1,1,14,505,84,895,309,618,651,220,697,1134,31871,0,35718
2,2,14,917,239,209,193,1209,697,352,242,435,33634,0,35729
1,2,14,1022,428,644,494,214,638,368,932,351,25020,1,35722
0,1,15,503,135,398,403,142,342,202,202,344,28134,0,35726
2,2,14,902,933,505,424,317,518,243,353,715,35069,0,35736
0,0,14,364,405,674,686,557,824,338,365,682,30694,0,35744
1,2,14,890,623,666,368,584,478,901,681,660,26038,1,35726
1,1,14,804,1082,571,555,467,245,684,443,100,31832,0,35708
2,2,14,1071,212,556,1104,423,225,348,191,523,29032,1,35684
0,0,14,199,979,1252,43,28,412,868,390,357,29353,0,35685
1,1,14,498,798,326,382,345,436,642,236,223,34089,0,35697
0,0,14,379,640,790,764,124,405,406,217,572,29914,0,35693
0,0,14,171,442,1187,541,1238,123,361,439,535,22962,0,35684
2,2,14,1125,840,346,606,358,458,989,770,533,31923,0,35684
2,2,14,1204,245,304,447,579,441,120,503,145,30887,1,35682
0,1,14,728,301,161,509,289,489,232,367,594,17331,1,35699
2,3,14,1401,699,348,605,290,236,541,243,622,30606,1,35717
2,2,14,1039,409,48,243,564,470,521,854,418,30027,1,35737
2,2,14,1338,228,261,401,296,336,432,354,298,31197,1,35731
2,2,14,950,199,112,559,969,1222,264,761,407,31578,0,35734
2,2,14,1104,509,468,469,392,343,344,181,372,32370,0,35738
0,0,14,142,887,206,953,427,455,237,582,649,16099,0,35731
2,2,14,1081,508,506,694,414,814,196,580,363,30442,1,35729
0,0,14,246,459,588,103,549,493,243,240,293,34061,0,35747
0,0,14,307,350,150,475,225,163,543,662,628,31094,0,35762
1,1,14,494,292,410,503,383,494,845,441,835,2979,0,35746
1,1,14,803,516,541,698,249,427,485,450,270,28269,1,35734
1,1,14,687,333,75,95,167,386,124,742,780,26290,1,35749
1,1,15,539,721,130,584,440,527,523,661,768,32960,0,35767
1,1,14,789,803,330,559,384,438,588,646,680,31682,0,35793
1,2,14,909,654,453,307,467,332,1033,411,583,29642,0,35787
1,2,14,1115,373,417,984,159,813,883,840,640,24477,2,35761
1,1,14,538,966,714,211,347,578,209,940,417,28028,0,35744
2,2,14,1027,469,533,324,390,190,588,338,64,32620,0,35749
0,0,15,309,330,585,83,1324,476,200,540,261,25876,0,35767
1,1,14,665,433,235,227,304,150,348,486,680,32895,0,35761
1,1,14,662,212,61,499,678,325,786,477,212,28334,0,35758
2,2,14,1035,162,427,302,394,516,395,384,398,32569,0,35755
0,1,14,470,759,691,581,1085,184,867,206,114,13500,0,35774
0,1,14,632,658,37,526,400,1029,345,829,794,26005,1,35776
0,0,14,234,620,410,455,555,560,208,398,560,32274,0,35764
0,0,15,377,381,515,506,832,309,470,154,506,35004,0,35749
0,0,14,115,531,257,293,721,581,620,355,202,9224,0,35767
2,2,14,1103,637,244,37,356,863,389,379,780,31390,0,35780
0,0,15,358,771,689,258,80,226,415,304,113,28334,0,35772
1,1,14,790,139,460,318,480,79,780,732,808,31934,0,35743
1,2,14,1141,599,731,920,178,246,826,448,366,26080,1,35744
1,1,14,701,417,238,162,165,108,247,784,1398,31973,0,35744
1,1,15,837,368,487,260,899,519,462,56,84,26791,1,35751
1,1,14,660,370,556,775,308,752,478,603,365,27444,0,35774
0,0,15,427,669,126,626,298,761,475,652,739,18814,0,35770
1,1,14,780,775,656,374,457,882,459,362,443,32144,0,35765
0,0,14,168,235,745,527,541,475,574,211,233,26281,0,35749
1,2,14,853,937,102,336,444,331,288,580,937,27246,1,35753
2,2,14,864,112,849,56,252,501,1084,199,193,33966,0,35757
1,1,14,769,306,631,195,472,124,563,204,637,33764,0,35743
1,2,14,984,407,890,541,388,706,748,571,446,27780,1,35727
0,1,15,461,609,451,1035,716,296,420,798,543,29352,0,35733
0,1,14,799,1265,757,315,309,779,262,377,561,22764,1,35749
2,2,14,1083,314,396,314,115,294,343,648,503,33182,0,35747
2,2,15,1140,559,351,107,446,625,381,320,1104,28503,1,35740
1,1,15,609,1176,148,855,310,649,303,531,1109,34088,0,35739
2,2,14,1081,585,950,876,380,488,507,614,529,31264,0,35768
1,1,14,655,379,1005,387,338,329,172,708,945,32957,0,35806
1,2,14,886,513,483,206,681,212,515,341,1168,28766,1,35796
0,0,14,384,150,174,34,460,251,702,284,150,33257,0,35780
0,1,14,475,537,640,540,196,428,235,484,598,28452,0,35788
1,1,14,699,629,546,666,265,927,1174,383,122,29596,0,35782
1,1,14,703,936,365,812,627,657,428,328,367,32774,0,35791
2,2,15,1302,430,427,280,347,349,335,643,620,32837,0,35780
0,1,14,567,842,479,872,124,463,309,581,205,26747,0,35771
1,1,14,660,644,447,356,415,851,363,167,117,32976,0,35758
0,0,14,309,483,600,480,519,171,709,401,686,27396,0,35754
1,1,14,506,418,397,109,648,537,149,368,39,34988,0,35741
0,0,14,306,488,574,457,433,582,388,210,398,28902,0,35760
0,1,14,457,760,850,265,424,577,364,274,200,20765,1,35773
1,1,14,751,1082,520,855,118,314,585,206,328,27032,1,35774
2,2,14,1060,969,270,134,186,129,828,259,436,30922,0,35768
1,1,15,729,421,152,583,322,166,130,459,536,26378,1,35758
1,1,14,747,622,295,639,678,608,295,238,333,33569,0,35760
1,2,14,1091,723,624,426,969,870,296,437,138,25397,1,35787
3,3,14,1582,263,866,442,406,405,538,865,361,32898,0,35800
2,2,14,1181,386,741,504,1056,1145,756,711,530,33643,0,35778
1,2,14,886,406,194,159,346,530,1286,391,95,27931,1,35752
2,2,14,957,414,770,432,375,327,1036,74,248,31235,0,35753
0,1,14,454,475,465,89,36,692,465,593,674,12793,0,35778
1,1,15,742,576,138,809,74,104,838,617,427,29168,0,35794
2,2,14,1096,433,221,990,336,151,972,621,468,30082,1,35769
3,3,14,1594,471,851,275,496,522,564,196,66,33604,0,35747
1,1,14,619,437,433,263,1007,584,589,242,394,30608,0,35741
2,2,14,1070,980,291,15,844,610,156,553,499,33976,0,35750
2,3,14,1350,388,201,588,525,889,63,907,427,30529,1,35750
0,1,15,471,480,493,660,495,553,660,980,118,18532,1,35726
1,2,14,903,745,891,285,531,589,531,177,375,28052,1,35705
2,2,14,1024,459,438,437,650,306,464,734,830,35109,0,35728
1,1,14,852,602,263,426,388,185,162,345,575,33480,0,35748
1,1,14,826,388,431,713,447,371,358,285,287,25590,1,35758
1,1,15,785,606,426,179,470,322,395,774,294,33315,0,35743
1,1,14,670,418,960,246,1127,106,883,110,76,32718,0,35735
1,1,14,767,343,297,822,681,60,266,417,432,27363,1,35730
1,2,14,949,774,669,296,650,634,65,347,434,28493,1,35734
2,2,14,1193,860,125,285,713,795,304,989,271,27556,1,35744
1,1,14,519,756,71,349,324,267,305,59,457,32086,0,35739
0,1,14,585,1072,125,245,817,453,380,263,603,20654,1,35742
1,1,15,637,557,343,683,602,739,257,500,822,32409,0,35743
1,2,14,985,833,753,386,563,265,268,417,431,27789,1,35758
2,2,14,1188,549,806,761,191,459,435,362,244,34333,0,35757
0,0,15,354,325,377,841,903,214,593,319,372,28414,0,35729
2,2,14,1040,550,374,624,771,529,247,405,176,33392,0,35716
3,3,14,1487,766,404,362,186,771,242,392,631,29904,1,35716
1,1,14,670,459,335,913,386,312,642,118,359,31647,0,35704
1,1,14,693,682,365,484,459,185,342,416,359,33592,0,35703
0,0,15,370,1121,106,968,483,558,164,541,1014,25990,0,35709
0,1,14,534,248,629,458,469,487,462,258,177,26071,0,35715
1,1,14,445,870,907,740,1090,512,469,560,182,33823,0,35707
1,1,14,850,718,465,94,389,754,419,945,143,25421,1,35699
0,0,14,280,581,484,748,627,338,715,662,467,17315,0,35714
2,2,14,944,94,275,1037,171,153,351,875,265,32113,0,35712
1,1,14,800,110,696,675,370,652,162,542,511,31007,0,35685
2,2,14,1021,899,242,356,1394,145,733,555,661,31015,0,35667
2,2,14,979,316,553,207,520,301,477,351,470,32091,0,35649
0,0,14,105,411,745,135,630,700,263,497,600,22991,0,35656
1,1,14,704,572,440,384,561,762,309,631,201,27850,0,35679
1,1,14,854,451,277,283,574,290,242,128,450,31879,0,35686
0,0,14,389,394,507,549,845,652,241,482,471,30317,0,35658
1,1,14,846,544,318,413,486,369,517,468,354,32360,0,35631
2,2,14,1057,292,175,475,459,92,220,354,574,34568,0,35623
0,0,14,119,146,322,393,32,903,265,307,319,11629,0,35623
2,2,14,1061,317,555,926,332,457,337,858,519,35015,0,35607
1,1,15,801,202,645,382,236,583,427,369,648,27346,1,35610
3,3,14,1456,569,49,983,592,785,428,853,911,34888,0,35632
1,1,14,817,742,556,775,719,154,551,485,668,28006,1,35612
0,0,15,398,568,670,477,210,251,306,711,432,34331,0,35591
3,3,14,1459,167,216,464,3,220,218,275,355,34357,0,35593
2,3,14,1427,470,284,742,702,273,178,231,663,29490,1,35594
1,1,14,743,282,248,835,191,463,390,159,46,33416,0,35591
2,2,14,1193,1051,1062,461,832,780,273,138,114,31411,0,35582
0,1,14,709,209,277,255,534,810,942,270,597,23432,1,35593
2,2,14,1245,225,75,1108,725,471,430,185,538,27458,1,35596
0,1,15,802,930,197,73,389,452,474,586,548,17684,1,35596
2,2,14,1046,87,612,493,399,1108,341,636,445,30843,0,35590
0,1,14,490,1102,180,388,147,957,589,107,481,24859,1,35589
3,3,14,1628,303,613,135,186,770,237,875,222,31091,1,35605
0,0,14,119,419,552,759,507,591,374,292,601,27376,0,35607
2,2,14,1061,543,251,630,211,774,439,653,215,30806,0,35591
2,2,14,1104,306,686,678,856,647,205,860,890,32639,0,35597
1,1,15,454,627,1034,89,505,576,1072,769,163,33637,0,35608
1,1,14,623,1005,611,506,374,245,249,80,539,34962,0,35624
0,2,15,864,966,307,522,556,90,630,466,204,20762,1,35607
3,3,14,1382,371,549,474,471,707,438,346,638,34348,0,35585
1,1,14,698,445,265,283,411,52,997,539,424,34293,0,35582
0,0,14,398,161,947,500,390,1080,437,456,300,31301,0,35594
1,1,15,864,598,274,336,653,461,387,645,504,27643,1,35605
0,1,14,767,483,192,880,47,760,582,944,478,14553,1,35626
2,2,15,958,180,391,198,595,299,154,138,408,33226,0,35622
0,0,14,283,215,415,198,1041,916,738,299,318,28112,0,35612
2,2,14,1201,843,63,491,189,485,387,852,363,35115,0,35603
1,1,14,739,296,167,276,161,183,388,328,516,33933,0,35598
0,1,15,494,81,907,1084,453,252,456,497,236,18579,1,35603
0,0,14,136,593,845,1159,427,94,948,260,586,12068,0,35613
0,0,14,323,319,588,232,326,549,824,1177,626,31861,0,35622
1,2,15,937,641,457,391,455,339,128,568,916,30561,0,35624
1,1,14,744,257,418,413,250,947,585,756,978,24953,1,35619
0,1,15,527,597,126,847,615,1228,181,32,512,20162,1,35603
0,1,14,498,354,232,966,25,486,318,496,237,8196,0,35622
1,2,14,1002,871,612,971,270,950,562,30,407,27443,1,35635
2,2,14,1198,377,592,478,536,335,1019,802,178,32942,0,35633
1,1,14,743,208,939,432,129,289,671,564,236,28500,0,35608
0,2,14,870,271,331,156,601,597,432,253,563,20764,2,35609
0,1,14,479,437,206,512,363,623,345,182,773,17517,1,35620
1,2,14,902,664,162,554,495,959,450,408,80,27951,1,35634
2,2,15,1211,422,227,528,482,262,233,931,851,30515,1,35630
3,3,14,1471,328,284,329,339,487,488,644,386,33684,0,35608
1,1,14,596,313,273,402,612,155,462,311,358,27498,0,35614
1,2,14,963,875,493,430,175,231,519,465,782,25333,1,35633
1,1,15,648,514,181,936,269,519,322,339,627,33506,0,35633
1,1,14,767,250,218,202,541,219,713,281,309,31052,0,35618
1,1,14,684,1230,1046,529,355,595,608,474,958,27175,0,35602
0,2,14,864,578,492,1135,247,110,405,403,436,16611,2,35644
1,2,14,848,709,217,586,296,385,687,1085,358,25069,1,35780
1,2,14,985,924,301,975,436,285,358,297,778,27238,1,35824
3,3,14,1502,1285,257,16,359,475,297,848,231,30645,1,35823
1,1,14,727,43,408,369,253,599,82,795,574,31897,0,35811
0,0,14,304,495,621,634,479,241,221,713,568,35009,0,35815
1,2,14,1119,510,296,355,424,779,502,367,421,26863,1,35826
2,2,14,921,303,602,416,456,483,864,1049,225,33547,0,35836
1,2,14,951,663,664,433,228,497,337,153,504,23243,1,35817
2,2,14,1172,313,442,822,506,115,284,1067,112,30491,1,35810
0,0,15,412,236,647,842,661,144,916,247,608,34466,0,35831
1,1,14,739,732,549,423,109,163,790,376,334,29741,0,35860
2,2,14,1113,534,289,703,187,383,441,399,569,33015,0,35869
2,2,15,924,926,307,532,723,636,115,214,510,33725,0,35851
1,1,14,751,474,362,274,89,578,399,688,809,29211,0,35825
2,2,14,954,415,487,225,228,477,445,110,772,30987,0,35845
1,2,14,1040,674,389,450,639,192,641,510,161,23441,2,35864
0,0,14,363,377,513,807,661,70,729,308,555,25915,0,35851
2,2,14,1104,293,772,351,306,484,317,694,591,34233,0,35831
4,4,14,1809,155,129,297,161,517,849,338,548,32161,1,35808
1,1,15,845,806,297,438,52,347,627,666,323,29603,0,35809
2,2,14,922,1180,744,456,376,566,344,490,711,31769,0,35801
2,2,15,1160,589,447,529,290,277,915,455,224,32451,0,35802
1,1,14,724,117,631,692,613,296,73,73,355,30554,0,35791
1,1,14,647,1007,243,611,341,668,780,881,730,33670,0,35806
1,2,14,842,318,586,173,448,670,461,629,158,28414,1,35822
1,1,14,564,462,385,654,799,740,555,91,294,31561,0,35832
2,2,15,1078,640,509,398,148,520,714,696,649,34928,0,35819
0,1,14,483,552,839,21,338,621,683,570,301,23548,0,35796
0,0,14,361,139,647,921,252,545,606,888,371,20988,0,35799
2,2,14,915,276,516,410,461,689,425,761,130,34539,0,35811
1,1,14,622,660,534,43,267,340,875,296,165,30739,0,35808
2,2,15,954,317,63,380,415,363,125,382,263,33637,0,35801
1,1,14,668,815,170,1035,608,480,233,473,254,26589,1,35776
3,3,15,1475,571,1364,640,857,509,188,514,950,30021,1,35774
1,2,14,1135,817,179,747,369,52,119,377,635,26663,1,35781
2,2,14,1049,805,235,472,624,313,598,256,776,29524,1,35806
0,0,14,300,860,244,564,346,527,553,228,417,29439,0,35813
0,0,14,278,539,159,719,520,703,768,309,193,13361,0,35804
1,1,14,530,267,221,138,542,283,678,740,231,32675,0,35779
1,1,14,785,1072,580,493,756,289,612,271,907,24703,1,35779
1,2,15,909,140,46,458,763,157,325,229,316,33000,0,35807
1,1,14,655,433,591,900,317,179,999,602,436,28326,0,35821
0,0,15,439,603,757,274,485,704,165,524,287,22811,0,35819
1,2,15,1080,524,495,1145,784,213,566,260,248,24594,1,35819
0,0,14,356,477,387,309,175,281,295,106,85,21815,0,35832
1,1,14,787,225,604,325,186,501,475,494,647,25000,1,35836
2,3,14,1341,555,188,193,264,980,508,411,865,29041,1,35826
0,0,14,152,657,211,200,1032,476,587,373,162,32332,0,35826
1,1,14,739,508,554,302,187,803,456,552,502,31472,0,35834
0,0,14,423,524,198,197,801,595,509,480,185,1297,0,35861
0,0,14,416,594,625,942,191,806,368,117,194,32113,0,35877
0,1,15,836,67,520,226,488,328,322,227,398,18047,1,35872
0,1,14,475,439,788,351,346,342,670,612,355,23802,0,35837
0,0,14,177,580,486,334,440,180,507,420,368,33997,0,35843
1,1,14,810,114,208,208,210,457,366,683,635,27752,1,35875
2,2,14,922,740,530,500,590,435,526,365,227,31466,0,35897
1,1,14,686,408,420,666,472,384,531,704,161,25511,1,35901
2,3,15,1348,419,423,961,685,966,255,499,276,29877,1,35863
0,0,14,316,261,728,382,643,273,536,219,352,19823,0,35843
1,1,14,893,224,495,340,59,434,105,1044,968,31262,0,35866
1,1,14,754,428,1028,72,440,89,886,814,123,32354,0,35890
0,0,14,74,753,50,192,395,281,631,339,681,8255,0,35900
1,1,14,634,503,584,204,114,1093,512,255,398,34353,0,35875
1,2,14,860,524,401,491,558,222,370,899,625,23637,1,35863
0,0,14,241,1194,94,292,433,746,634,463,911,17720,0,35850
0,0,14,406,494,565,832,622,497,564,508,584,23068,0,35851
2,3,14,1367,436,533,599,386,240,497,885,386,27584,1,35859
1,1,14,492,348,444,673,39,632,706,549,624,31041,0,35859
2,2,15,981,87,421,219,782,228,294,142,355,32929,0,35856
1,1,14,783,782,309,455,100,632,130,225,245,33712,0,35848
2,3,14,1299,164,135,569,287,488,97,516,645,31938,0,35868
0,1,14,477,1043,367,449,424,257,532,427,667,27047,0,35894
1,1,14,672,120,154,678,864,818,494,206,490,27070,1,35889
1,1,14,510,343,798,663,410,376,593,363,376,30851,0,35876
1,1,14,699,754,720,405,331,350,838,284,471,34140,0,35869
2,2,15,968,476,168,665,318,727,795,320,763,33681,0,35872
0,0,14,334,878,511,224,132,676,382,319,861,25925,0,35887
1,1,14,739,1045,518,424,689,163,429,446,362,32207,0,35887
1,2,14,852,540,80,168,682,350,642,477,358,23552,1,35877
1,2,14,912,455,580,382,851,309,240,492,295,27335,1,35890
1,1,14,458,154,523,571,950,558,502,418,647,34023,0,35900
0,0,15,335,446,155,464,312,574,365,1189,1018,26301,0,35893
2,2,14,1219,422,285,197,346,95,610,666,449,32662,0,35886
1,1,14,825,417,386,235,748,654,496,272,117,32062,0,35886
2,2,14,1281,938,1052,123,335,696,64,749,613,34231,0,35906
0,1,14,577,570,639,718,819,545,356,452,358,21590,1,35935
1,1,14,828,543,346,625,606,801,587,182,441,31336,0,35947
1,1,15,703,579,1032,570,500,358,685,78,279,28828,0,35952
0,1,14,566,599,307,794,202,437,719,651,359,13662,1,35949
1,1,14,837,682,416,760,305,560,560,1139,303,31784,0,35945
2,2,15,1213,1405,929,494,636,184,139,483,111,32187,0,35938
1,1,14,768,186,654,454,176,145,373,578,60,29311,0,35935
1,1,14,493,845,95,273,815,531,663,274,295,34004,0,35946
1,1,14,495,752,811,397,742,367,720,359,793,29500,0,35954
0,0,14,353,576,520,480,538,388,345,343,201,29475,0,35966
0,1,15,609,1162,729,684,418,304,434,897,216,19665,1,35954
1,1,15,724,183,757,398,660,550,352,456,750,29436,0,35930
0,1,14,644,883,260,809,441,798,434,391,533,23819,1,35910
1,1,14,623,265,305,146,377,643,597,932,705,33300,0,35900
2,2,14,939,639,546,895,206,383,916,706,413,34556,0,35902
2,2,14,1077,223,737,667,152,298,467,496,268,30666,0,35916
1,2,14,959,166,322,893,222,256,240,254,451,27929,1,35948
2,2,15,1085,509,141,81,329,221,473,509,727,29864,1,35945
0,0,14,345,934,487,561,56,303,237,713,244,21351,0,35920
1,1,15,865,538,443,304,326,540,154,548,709,33040,0,35933
1,1,14,851,573,511,92,301,540,503,428,412,30209,0,35945
1,1,14,739,528,525,399,334,522,440,58,378,30940,0,35939
1,1,14,501,137,213,163,210,226,892,413,872,34376,0,35944
1,1,14,492,291,1009,542,439,878,557,303,1133,32818,0,35959
0,2,14,935,734,272,238,344,723,474,203,154,19667,2,35939
2,3,15,1394,199,336,532,184,573,382,824,806,30229,1,35938
2,2,14,1006,10,1111,554,440,513,722,373,461,29412,1,35939
1,1,14,656,344,186,171,437,1005,714,395,680,28889,0,35946
2,2,14,1093,300,680,448,767,32,955,232,134,28865,1,35954
2,3,15,1325,653,537,442,268,280,786,592,430,32831,0,35976
1,1,14,615,434,54,499,566,158,486,941,364,27779,0,36003
1,1,14,526,624,549,812,959,71,446,380,660,33330,0,35991
0,0,15,376,535,734,345,678,307,1153,1143,211,20390,0,35985
0,1,14,586,981,409,463,252,156,54,1222,627,26251,0,35995
0,0,14,302,232,552,620,182,176,256,381,156,34614,0,36002
3,3,14,1593,632,782,740,319,643,352,151,576,32342,0,36015
0,1,14,591,923,678,417,302,731,218,260,406,26620,0,36033
1,2,14,1026,532,412,273,584,199,293,64,478,27362,1,36044
2,2,14,1018,111,358,348,215,994,732,449,511,34996,0,36051
1,1,14,792,1130,817,531,668,442,842,479,466,34224,0,36037
1,1,15,692,516,393,309,568,322,412,665,417,34762,0,36008
1,1,14,805,122,522,539,1347,251,176,531,617,26245,1,35998
3,3,14,1490,250,423,420,279,297,404,100,182,32377,0,35992
1,1,15,583,192,659,227,261,462,491,576,375,34348,0,35992
2,2,14,1197,387,641,620,539,899,689,199,572,32265,0,35999
2,2,14,1067,693,459,133,121,760,483,212,602,35144,0,36005
2,3,14,1311,673,790,736,522,184,375,814,613,33726,0,35984
1,1,14,699,152,303,379,203,522,180,80,512,30909,0,35969
2,2,15,1187,385,882,266,181,218,675,731,649,27784,1,35977
2,2,14,1234,221,319,350,906,339,560,606,747,30338,1,35999
1,1,14,631,197,643,101,465,452,550,459,148,31051,0,35990
0,1,14,685,673,352,175,350,676,393,777,482,21634,1,35982
0,0,14,354,237,558,605,398,293,604,848,568,29355,0,35963
2,2,15,1111,566,44,646,322,805,305,511,484,35097,0,35986
1,1,14,495,347,922,802,337,438,286,599,270,30742,0,36004
2,2,15,1013,1259,1204,401,478,459,445,490,482,34789,0,35991
1,1,14,713,240,160,380,626,177,1394,624,398,30776,0,35976
2,2,14,1053,92,706,150,453,263,256,121,587,31408,0,35948
1,1,15,754,363,236,258,256,323,941,302,196,34935,0,35977
1,1,15,725,930,219,488,428,181,253,161,409,31476,0,36006
1,1,15,596,684,497,424,480,372,275,273,486,29253,0,36023
1,1,14,464,492,317,234,471,431,270,153,392,34594,0,35990
0,3,14,1324,388,224,542,251,161,605,835,313,20346,3,35951
2,2,14,901,485,168,181,243,364,163,365,411,34124,0,35950
1,1,14,456,317,511,290,294,512,1007,312,347,32366,0,35973
1,1,14,864,711,250,714,465,508,302,105,582,30825,0,35989
0,1,14,790,834,560,497,452,183,880,741,421,22989,1,35986
1,1,14,807,260,317,81,1010,203,361,549,564,27337,1,35979
0,0,14,58,580,96,348,303,261,552,806,509,10862,0,35980
2,2,15,1125,439,568,954,840,735,249,634,374,35075,0,35999
1,1,14,773,524,379,386,303,548,110,641,150,29079,0,36013
1,1,15,852,256,248,279,717,803,786,892,201,33717,0,36019
2,2,15,907,252,434,552,579,440,981,253,201,32524,0,36002
1,2,14,929,275,147,863,442,611,601,528,559,26445,1,36006
0,1,15,488,351,282,124,247,342,159,458,241,31399,0,36006
1,1,14,773,168,192,271,844,558,359,477,500,33612,0,36013
2,2,14,1203,400,188,314,422,497,201,364,125,29644,1,36002
3,3,14,1538,165,402,524,474,434,143,551,334,35024,0,35997
0,0,14,372,213,464,326,286,116,728,384,447,34377,0,35999
2,2,14,1121,1051,469,139,312,270,400,364,192,31538,0,35985
1,1,15,780,291,268,909,661,617,378,668,192,33960,0,36003
1,1,14,832,293,604,66,640,341,366,818,122,30487,0,35987
2,2,15,1191,338,513,367,361,230,1048,982,818,27172,1,35968
1,1,14,814,587,1203,365,729,337,445,607,120,33887,0,35964
1,2,14,1015,586,150,336,318,582,439,613,595,28759,1,35963
0,0,14,249,207,596,517,151,311,881,525,860,29248,0,35982
0,1,14,596,468,295,637,902,496,646,691,478,25436,1,35967
0,1,14,563,411,964,766,940,522,379,292,482,20240,1,35942
1,2,14,888,448,584,218,485,783,341,474,758,30266,0,35915
1,1,15,465,300,701,643,150,557,346,407,347,34230,0,35940
0,0,14,432,213,607,312,360,866,526,859,553,29318,0,35953
0,1,14,585,183,103,1048,333,442,549,277,254,19849,1,35959
1,2,14,862,448,661,313,542,783,403,329,1005,32561,0,35961
0,0,14,117,1105,162,179,445,409,394,431,310,4954,0,35959
0,1,14,829,792,448,310,143,268,259,636,353,21337,1,35951
1,1,14,868,617,517,609,619,1027,553,81,414,34595,0,35935
0,0,15,422,1053,396,305,160,521,449,777,766,34545,0,35919
0,0,15,285,199,390,202,726,528,494,393,275,22036,0,35920
0,1,14,549,561,598,554,1033,419,667,378,529,23630,1,35924
1,2,14,1010,389,474,743,626,538,441,21,484,24675,1,35934
0,0,14,406,429,628,194,153,64,522,579,546,32349,0,35940
0,0,14,158,88,457,403,592,158,698,492,365,11843,0,35930
3,3,15,1685,385,315,760,768,697,259,855,235,29187,2,35908
1,1,14,544,887,292,493,561,572,480,310,216,34086,0,35883
0,1,14,587,729,591,709,416,182,326,576,9,24677,1,35891
1,2,15,875,510,1384,421,835,169,104,953,133,32141,0,35909
2,2,14,1090,411,549,610,673,469,205,459,559,34991,0,35910
0,0,14,145,420,333,212,408,511,1067,367,389,27626,0,35900
2,2,14,1241,693,196,543,431,613,430,209,166,32592,0,35892
0,1,14,504,572,183,289,228,1133,500,708,499,23157,0,35896
1,1,14,599,245,556,466,244,649,88,171,386,27763,0,35897
0,2,14,926,728,183,168,494,354,1366,342,501,22940,1,35881
1,1,14,606,977,275,511,223,594,272,367,246,29237,0,35873
0,0,15,236,121,608,402,192,681,574,944,391,32276,0,35870
1,1,14,762,208,901,616,663,444,711,520,482,34617,0,35882
2,2,14,1192,524,405,724,394,596,576,565,621,35127,0,35883
0,0,14,367,559,712,870,882,409,313,361,653,31931,0,35864
0,0,14,357,396,386,189,803,240,417,310,988,34653,0,35852
2,2,14,952,599,692,478,898,103,303,1112,368,32144,0,35852
2,2,14,1031,737,195,481,162,439,417,598,378,34296,0,35859
2,2,14,1076,748,205,704,403,294,454,354,646,31969,0,35859
1,1,14,821,848,1023,498,601,220,632,546,514,34634,0,35838
0,0,14,215,483,582,342,415,505,248,422,729,22041,0,35821
0,0,14,452,525,1071,449,253,294,1120,619,219,25872,0,35843
2,2,14,932,1286,617,381,330,451,362,396,1243,32356,0,35849
1,1,14,834,995,426,535,590,675,851,72,539,28942,1,35841
1,2,14,1020,352,248,274,57,365,627,463,247,25858,1,35853
0,0,14,437,523,148,116,226,522,252,709,239,10271,0,35874
2,2,14,1067,1605,222,320,421,842,205,532,298,33687,0,35878
1,1,14,642,290,507,700,699,1021,925,752,446,31923,0,35876
0,0,14,196,376,524,447,239,703,198,415,423,1804,0,35867
1,1,14,669,925,219,460,890,581,396,1024,553,32633,0,35872
0,0,15,268,1073,122,363,608,416,539,946,410,30684,0,35916
3,3,14,1612,515,658,353,1121,142,252,291,266,35076,0,35930
0,0,15,312,603,234,256,771,91,601,709,658,33072,0,35931
2,2,14,1078,346,560,369,664,130,950,567,562,30379,1,35904
1,2,15,1059,337,848,306,301,820,301,1123,288,27351,1,35934
0,1,14,564,808,225,1078,604,526,179,332,225,25574,0,35966
2,3,14,1323,770,860,120,896,619,363,818,279,28333,1,35973
1,1,15,557,38,668,340,187,428,1055,656,748,27639,0,35965
2,2,15,1084,810,559,340,880,1082,471,262,402,29429,1,35951
1,1,14,643,470,241,390,1073,270,368,338,578,32184,0,35948
1,1,14,868,610,699,175,314,319,469,420,265,24758,1,35976
0,1,15,429,174,614,283,592,460,378,560,578,21388,1,35982
1,1,14,828,142,697,891,422,603,508,89,269,34740,0,35969
1,1,14,763,648,284,510,284,467,181,636,303,24369,1,35926
1,1,15,468,464,653,650,290,343,193,630,753,32395,0,35918
1,1,14,761,153,341,923,549,447,845,257,232,27604,1,35926
0,0,14,338,583,824,388,728,491,406,86,368,19611,0,35923
1,1,14,665,292,564,977,1122,849,74,296,528,33133,0,35909
0,0,14,451,404,753,607,809,521,759,841,706,22770,0,35909
1,2,15,1204,58,325,106,479,357,264,284,101,26375,1,35909
1,1,14,710,991,383,67,585,398,242,147,674,31758,0,35922
2,2,14,1147,750,260,280,625,222,151,325,910,34011,0,35935
2,2,14,908,819,245,366,53,464,590,293,868,35075,0,35940
0,0,14,68,144,118,228,420,381,473,485,227,6531,0,35929
4,4,14,1961,1101,261,517,711,265,397,944,503,33826,0,35943
1,1,15,733,288,889,388,173,171,496,582,575,34662,0,35933
1,2,14,858,358,115,703,507,250,345,695,302,31060,0,35935
0,0,14,415,60,567,555,924,69,535,134,1043,1718,0,35944
0,1,14,555,760,421,272,1122,522,904,419,507,16156,1,35953
2,2,14,912,471,500,561,346,213,538,348,556,33583,0,35955
1,1,14,545,121,694,905,557,322,351,1076,571,28145,0,35943
2,2,14,1232,485,463,499,307,646,64,250,377,31719,0,35939
1,1,14,546,439,345,22,400,672,1034,472,259,29100,0,35943
0,1,14,509,477,245,792,230,269,620,559,733,28274,0,35944
1,1,15,849,226,564,556,201,296,162,769,75,34098,0,35928
0,0,14,377,573,1105,716,404,607,130,416,292,31927,0,35908
0,0,14,473,361,332,944,307,377,253,728,613,25139,0,35893
1,2,14,1237,450,801,482,339,290,393,345,82,24732,2,35887
1,1,14,553,184,462,469,556,597,666,756,624,33156,0,35890
0,0,14,203,750,239,740,157,117,585,760,633,25166,0,35875
0,1,14,790,581,362,448,164,242,283,144,223,22087,1,35853
1,1,14,835,531,530,353,284,27,159,589,277,31913,0,35843
0,1,14,637,528,563,849,504,357,312,982,817,24114,1,35872
1,1,14,733,269,301,165,484,248,23,274,549,29324,0,35906
3,3,14,1380,580,416,457,164,554,747,355,280,31790,0,35913
0,0,15,345,148,510,1213,291,815,218,152,636,32137,0,35896
1,1,14,537,1182,405,460,426,847,57,1114,458,29420,0,35904
0,0,14,27,582,692,424,605,308,357,272,512,8997,0,35904
2,2,14,1144,872,501,862,361,323,417,383,703,34886,0,35918
0,1,14,834,617,298,660,243,277,533,401,116,23888,1,35914
1,1,14,762,138,665,926,373,626,497,450,186,34044,0,35927
1,1,14,619,713,398,421,942,213,599,1394,304,31180,0,35932
3,3,14,1385,139,445,476,706,402,617,520,215,32819,0,35925
0,1,14,530,582,368,390,1146,371,223,296,763,24792,1,35924
2,2,15,1051,343,408,675,1015,487,394,425,309,32537,0,35906
1,1,14,728,403,606,282,258,618,571,629,411,30402,0,35946
1,2,14,1136,660,654,270,561,340,418,262,713,27222,1,35952
1,1,14,823,660,498,123,518,583,359,314,53,28014,1,35952
1,2,15,1199,280,488,874,509,633,329,351,766,23172,2,35960
0,1,15,699,1124,415,230,296,1112,192,283,277,19314,1,35969
0,0,15,94,583,735,755,517,575,555,448,388,18226,0,35974
1,2,15,886,229,713,577,23,522,414,654,546,30979,0,35972
0,1,14,471,521,568,310,911,199,236,417,641,15770,1,35953
0,1,14,459,293,489,652,31,223,550,180,430,23042,0,35962
2,2,14,1111,543,619,540,549,656,801,577,374,34440,0,35984
0,0,14,367,302,456,172,718,794,437,378,597,21045,0,35990
1,1,14,773,550,525,488,178,340,303,460,229,31305,0,35976
0,1,14,407,702,585,436,168,354,503,533,759,20919,0,35969
0,0,14,411,140,214,463,69,269,572,471,373,33922,0,35971
0,0,14,270,330,413,1447,413,863,861,142,318,32014,0,35956
1,1,15,728,692,433,845,367,379,770,496,356,31170,0,35933
2,2,15,1236,495,408,288,566,417,65,1017,941,29060,1,35914
1,2,15,902,252,314,530,759,841,173,43,620,29735,0,35923
1,1,14,461,641,391,139,254,457,362,274,503,34008,0,35914
2,2,14,1097,188,349,165,224,653,860,430,931,31252,0,35916
2,2,14,1007,325,140,77,601,273,128,1142,1009,35117,0,35911
2,2,14,1179,388,242,160,1383,526,714,711,152,31802,0,35899
0,1,14,784,817,787,427,782,277,565,883,259,15844,1,35874
2,3,14,1310,296,225,273,283,279,719,1020,353,29410,1,35874
0,0,14,147,754,237,480,1341,479,666,319,817,26539,0,35874
1,1,15,641,418,623,464,461,1257,278,574,878,30334,0,35881
1,1,14,655,356,359,895,377,311,402,637,366,34185,0,35870
0,0,14,340,68,172,390,637,374,118,524,244,30131,0,35871
1,2,15,1092,941,345,491,892,101,244,702,481,23681,2,35905
1,1,14,878,761,489,614,436,691,388,108,370,31982,0,35933
0,0,14,204,502,340,223,759,491,310,297,649,22057,0,35922
0,0,14,247,551,380,717,264,479,346,268,417,24212,0,35905
0,1,14,428,225,140,542,128,88,342,654,712,25886,0,35888
2,2,14,1166,265,241,722,821,782,556,379,211,28688,1,35888
1,1,14,514,157,436,696,722,183,117,551,443,31940,0,35904
1,2,14,917,554,258,302,153,166,558,263,421,32971,0,35913
2,2,15,955,221,263,528,28,430,272,500,567,33994,0,35916
0,0,14,161,475,687,224,235,217,173,523,470,29596,0,35919
1,1,14,599,222,579,50,546,327,558,262,92,34191,0,35902
3,3,14,1494,582,581,327,171,252,1424,243,322,31592,1,35882
1,1,14,795,547,601,831,569,365,209,512,455,33952,0,35861
0,1,15,470,730,256,231,445,695,345,276,432,29226,0,35861
1,1,14,640,530,898,303,97,197,609,448,236,25651,1,35869
2,2,15,857,31,396,235,389,1313,609,597,293,34774,0,35904
1,1,14,746,464,512,495,782,1025,883,396,644,31126,0,35922
0,0,14,280,393,527,855,596,182,670,398,493,27323,0,35918
2,3,14,1361,529,319,572,447,470,787,390,529,31395,1,35874
2,2,14,1151,108,349,351,393,442,329,529,177,29888,1,35865
1,1,14,576,428,467,570,716,265,285,954,333,33549,0,35871
0,1,14,484,575,277,395,543,1017,794,251,738,29311,0,35873
0,0,14,324,264,519,521,126,620,447,716,355,28504,0,35880
1,2,14,870,200,774,582,554,727,808,562,408,29249,1,35872
1,1,14,731,585,438,145,231,676,155,536,367,33651,0,35856
1,1,14,635,418,89,811,348,494,903,522,210,29778,0,35862
1,1,15,501,545,586,340,585,116,552,429,554,35093,0,35854
1,1,14,610,811,246,279,281,701,379,312,506,33587,0,35854
0,0,15,433,752,282,543,347,407,116,531,198,15176,0,35857
1,1,14,795,248,303,229,508,271,514,403,133,27598,1,35851
0,0,14,169,340,241,416,446,28,391,412,534,18558,0,35827
2,2,14,1075,723,301,233,168,342,329,175,296,34846,0,35807
1,1,15,529,540,366,180,658,1178,133,278,556,33186,0,35783
1,1,14,586,996,234,545,577,758,549,901,266,33070,0,35817
1,1,14,854,1469,890,248,690,268,600,354,232,34585,0,35853
2,2,15,943,625,444,308,231,632,864,318,825,33961,0,35851
2,2,14,984,191,605,332,317,852,115,245,407,33454,0,35845
0,1,14,623,839,291,205,384,901,229,292,518,17251,1,35858
1,1,14,583,391,913,858,657,553,651,462,784,32946,0,35869
2,2,14,1086,453,128,353,318,515,101,465,554,32091,0,35872
3,3,14,1395,198,339,645,266,407,490,139,87,31828,0,35861
1,2,14,911,1138,349,282,585,276,548,710,207,30713,0,35857
3,3,14,1389,456,524,422,551,1264,1441,349,735,34486,0,35860
0,0,14,273,294,590,399,583,515,260,68,497,3232,0,35875
0,0,14,458,272,308,250,369,231,629,153,349,18109,0,35870
1,1,15,638,290,484,324,554,301,497,555,282,26452,1,35855
3,3,15,1509,377,540,218,999,262,801,275,317,32297,0,35847
1,1,14,680,299,689,396,912,558,257,814,668,30223,0,35847
1,1,15,838,642,737,79,548,279,282,445,838,30799,0,35849
4,4,14,1752,667,597,504,828,720,382,274,460,33843,0,35862
1,1,14,647,510,596,704,276,293,659,388,399,31912,0,35867
0,1,14,690,738,405,601,284,759,205,745,365,19800,1,35871
0,1,14,397,159,95,772,611,125,630,593,339,6400,0,35847
2,2,14,1142,115,552,711,269,886,429,197,423,29835,1,35839
1,1,14,862,930,560,236,946,262,402,566,776,32899,0,35855
0,1,14,629,198,797,550,716,211,114,469,600,16930,1,35844
1,1,14,558,410,164,645,776,960,638,459,592,28765,0,35830
3,4,14,1764,156,614,245,558,842,797,211,764,32924,0,35844
1,1,14,794,440,488,692,375,310,674,208,544,32086,0,35871
2,2,14,1003,625,602,155,153,481,224,473,581,30040,1,35875
1,1,14,663,774,248,446,319,147,316,589,172,34467,0,35863
1,2,14,892,157,572,409,141,401,458,672,273,34032,0,35850
0,1,14,571,182,659,439,90,670,319,325,502,22658,1,35861
2,2,14,959,344,626,610,340,359,575,230,482,29802,1,35881
0,0,14,357,671,129,568,362,729,279,473,497,28766,0,35885
1,1,14,615,194,852,772,115,478,473,668,721,33800,0,35870
1,1,14,642,260,289,421,452,387,687,539,331,29923,0,35854
0,0,15,258,204,552,721,411,723,461,375,389,13574,0,35863
1,1,14,573,291,865,637,120,470,367,190,447,29902,0,35881
1,3,14,1746,652,1222,549,334,500,259,271,286,22869,3,35876
0,1,15,487,484,543,1223,456,534,436,853,318,14963,1,35883
1,2,15,1087,460,299,217,813,597,488,1013,170,26636,1,35892
1,1,15,789,451,572,444,528,1061,829,249,337,25806,1,35888
0,1,14,473,354,1070,232,27,126,385,735,165,21905,1,35877
1,1,14,715,467,364,371,226,407,727,1125,762,34988,0,35877
1,1,14,693,272,525,898,903,567,210,239,262,25786,1,35891
0,0,14,375,128,79,322,537,282,448,611,313,29772,0,35893
0,0,14,215,548,727,673,808,168,1153,162,854,22934,0,35909
1,1,14,730,291,844,474,583,443,554,734,177,27428,1,35922
1,1,15,854,260,314,305,182,391,282,470,953,30237,0,35901
0,0,14,374,71,239,533,756,246,416,17,292,30975,0,35858
0,0,14,322,596,292,720,408,414,452,539,465,24450,0,35872
2,2,14,1073,68,342,318,501,204,429,459,420,29918,1,35897
3,3,15,1495,108,423,554,433,705,429,433,588,34750,0,35916
1,1,14,538,1207,352,321,454,662,327,314,435,28403,0,35904
0,0,14,276,532,105,582,578,233,883,482,657,7337,0,35909
1,1,14,672,368,546,391,544,874,746,448,418,33580,0,35903
0,1,14,721,1107,145,378,516,507,603,326,823,19773,1,35906
0,1,14,528,409,588,437,339,793,581,507,352,15668,1,35916
1,1,14,667,539,552,75,91,234,1029,500,798,27467,0,35930
0,1,15,482,357,1132,254,728,580,510,1009,322,21598,1,35937
0,0,14,262,828,711,253,1136,689,575,266,430,21164,0,35920
1,2,14,928,740,91,297,883,271,1008,265,572,30120,0,35897
1,1,14,565,320,835,415,402,665,942,334,551,32466,0,35883
2,2,15,1042,459,74,509,509,525,923,988,284,32488,0,35891
0,0,15,406,455,330,411,594,798,504,255,665,28350,0,35928
0,1,14,505,204,529,225,136,705,493,588,419,25419,0,35931
1,2,14,895,484,284,302,134,458,348,572,206,30021,0,35909
0,0,14,191,945,390,307,612,384,398,709,662,34384,0,35893
1,2,14,920,243,359,447,509,150,223,248,249,28507,1,35910
0,0,14,456,292,519,547,689,667,612,627,304,30402,0,35930
0,0,14,298,326,423,449,546,687,183,116,304,34466,0,35930
1,1,14,679,643,117,613,216,278,815,125,333,34116,0,35919
3,3,14,1486,305,37,118,812,802,924,583,273,32484,0,35903
2,2,14,1174,257,344,126,631,578,314,518,339,29524,1,35913
1,1,14,798,241,142,1005,299,152,436,575,179,25182,1,35927
0,0,14,114,131,585,616,566,203,358,237,722,22870,0,35929
1,1,14,672,177,224,18,636,417,212,505,202,28464,0,35905
1,2,14,1022,453,682,681,744,622,696,906,1042,27986,1,35891
0,0,14,452,745,358,670,716,537,668,280,253,31560,0,35903
0,1,14,713,485,636,741,570,532,179,709,531,22166,1,35919
2,3,14,1443,631,841,421,392,467,738,608,307,29003,1,35921
1,1,14,631,324,877,416,522,491,891,145,264,32922,0,35905
1,1,15,756,541,349,873,21,245,529,870,416,27060,1,35903
3,3,14,1419,340,516,341,486,534,292,66,579,32390,0,35909
0,0,14,218,506,694,373,566,564,383,538,14,25854,0,35919
2,2,14,895,861,467,630,303,494,599,535,265,33605,0,35935
1,1,14,763,891,251,666,897,629,600,612,86,30803,0,35936
0,0,14,414,766,33,829,60,426,195,305,1022,30400,0,35926
2,2,14,889,569,234,332,526,1011,400,316,476,35014,0,35906
2,2,14,927,659,461,570,88,285,622,651,922,32999,0,35899
0,0,14,192,841,489,225,427,537,336,487,444,27489,0,35915
2,2,14,1061,376,642,524,806,1052,470,659,170,31812,0,35943
1,1,14,713,363,666,353,221,168,321,438,1164,31250,0,35929
0,0,14,83,845,458,903,492,464,70,407,181,30701,0,35903
0,0,14,259,826,234,354,390,366,139,652,228,31908,0,35909
1,1,14,830,371,376,737,871,801,516,803,64,30466,0,35938
2,2,14,900,482,119,796,413,324,946,804,367,35079,0,35961
1,1,14,511,594,318,176,424,300,467,217,428,32841,0,35939
1,1,15,904,778,56,799,475,352,606,349,311,31532,0,35909
2,2,14,1057,886,177,330,197,80,876,870,417,30279,1,35914
2,2,14,1092,347,514,454,208,612,585,560,286,34801,0,35937
1,1,15,705,858,578,638,625,278,220,447,447,29210,0,35939
1,1,14,859,83,539,617,900,310,738,1000,161,26528,1,35911
0,1,14,462,593,620,335,609,430,179,215,781,27902,0,35902
1,2,14,1285,112,370,706,420,541,458,692,390,22335,2,35931
2,2,15,1090,776,224,945,271,386,241,317,104,32358,0,35943
1,1,14,798,248,391,500,290,1064,732,242,209,27197,1,35931
0,0,14,234,425,249,56,182,591,739,540,657,30637,0,35914
1,1,14,566,550,347,504,361,500,658,561,73,30745,0,35896
0,0,14,158,479,350,93,600,567,278,295,169,26338,0,35912
2,2,14,1034,557,465,294,708,646,853,486,292,34189,0,35925
0,0,14,100,258,285,869,613,456,643,337,397,22047,0,35948
0,1,14,643,186,623,472,104,808,324,464,249,26928,0,35921
1,1,14,518,674,383,436,238,685,566,364,589,30276,0,35886
1,2,14,1251,131,542,220,759,1000,361,199,648,25628,2,35906
0,0,14,62,443,764,348,338,672,551,369,246,14019,0,35954
1,1,15,735,571,757,290,230,185,439,872,529,31540,0,35958
2,2,15,1261,496,551,582,612,770,391,549,579,27578,1,35933
1,1,15,455,453,504,278,309,269,329,814,488,34208,0,35923
0,0,14,260,351,360,786,861,346,1152,295,217,25937,0,35949
3,3,15,1456,829,285,372,1362,345,214,594,176,31308,1,35958
1,1,14,702,514,358,260,208,432,225,826,65,33809,0,35965
3,3,14,1524,567,692,446,503,472,726,154,812,33464,0,35957
1,1,14,832,478,644,1131,293,161,501,543,84,27739,1,35939
0,0,15,277,619,261,446,202,372,848,824,436,34575,0,35935
1,1,14,603,380,425,672,888,29,387,452,1233,31225,0,35933
1,1,14,807,613,680,184,713,25,204,174,617,33409,0,35957
2,3,15,1662,735,356,415,296,389,761,542,166,27000,2,35964
1,1,14,573,50,387,329,380,695,904,313,470,34563,0,35975
1,2,14,924,757,295,394,370,703,328,499,179,29434,1,35984
0,1,14,536,531,102,785,122,479,290,476,616,28584,0,35992
2,3,15,1433,649,459,40,660,251,425,354,453,26641,2,35967
1,2,14,1002,154,28,519,433,685,658,698,231,28067,1,35950
2,2,14,1158,246,653,364,156,564,349,84,197,31256,0,35959
2,2,14,879,192,374,178,584,403,131,353,1129,34414,0,35985
2,2,14,1075,427,378,258,225,598,430,504,882,32748,0,35995
1,1,14,602,399,917,387,578,267,748,144,446,31851,0,35985
1,1,14,888,917,732,728,509,483,555,469,654,28743,1,35972
0,0,14,412,928,722,853,570,373,661,403,758,28425,0,35984
2,2,14,1010,399,713,226,278,288,808,342,262,30031,1,35982
1,1,15,807,360,465,533,339,1120,626,515,355,32342,0,35942
0,1,15,718,735,474,914,321,166,498,730,929,18290,1,35959
0,0,14,358,198,144,302,293,480,432,214,286,23333,0,35977
0,2,14,843,548,907,467,219,458,471,463,360,22437,1,35999
1,1,14,727,410,322,825,229,688,533,525,313,32452,0,36007
1,2,14,896,479,303,405,632,242,106,140,645,30533,0,36004
1,2,14,928,188,300,335,536,245,200,205,207,31590,0,35995
1,1,14,766,509,372,729,263,641,530,373,506,29390,0,35990
1,2,14,1283,1020,681,439,626,269,87,626,217,25527,2,36002
1,1,14,589,731,466,680,731,239,392,792,397,33942,0,36006
1,1,14,924,116,702,503,493,137,624,387,318,30022,0,36015
0,0,15,443,325,934,353,820,213,520,1495,811,18551,0,36011
1,1,14,876,914,641,551,399,160,460,287,230,31121,0,36021
1,1,14,715,675,298,215,621,278,840,197,140,30407,0,36027
2,2,14,1239,564,93,210,498,222,304,960,442,33531,0,36009
1,1,14,558,474,550,273,769,556,719,666,252,34100,0,35991
0,1,14,509,804,512,399,476,569,497,360,206,25908,0,36000
1,1,14,805,161,427,647,165,752,235,423,504,30776,0,36021
2,2,14,1003,284,315,688,204,427,325,170,530,34999,0,36020
1,1,14,454,784,729,242,886,266,427,1309,621,33073,0,36001
1,1,14,841,322,868,92,307,185,392,747,480,33148,0,35976
1,1,14,639,122,105,1204,617,319,383,166,385,32211,0,35967
1,2,14,839,663,335,346,486,549,788,178,417,32344,0,35967
3,3,14,1427,343,189,798,873,607,219,504,79,34101,0,35969
1,1,14,512,147,300,249,282,254,760,359,201,30564,0,35976
0,0,14,107,115,796,722,658,1336,511,212,491,8064,0,35968
1,1,15,861,589,502,534,1542,946,394,349,159,29851,0,35945
1,1,14,547,401,595,661,203,643,274,538,692,32590,0,35931
2,3,15,1407,237,325,404,549,745,565,496,995,30482,1,35943
0,1,14,625,466,164,132,686,536,116,326,460,21925,1,35951
2,2,14,1189,891,89,168,975,524,765,337,297,31362,0,35959
1,1,14,511,248,881,567,534,267,676,119,397,30501,0,35963
1,1,14,547,340,218,394,690,626,438,404,456,34217,0,35986
1,2,14,929,142,186,319,127,593,888,191,338,25573,1,35987
2,2,14,1003,277,546,510,723,528,691,887,480,33577,0,35948
1,2,15,1009,821,179,1078,1291,611,642,715,338,24574,1,35927
1,1,14,776,339,498,175,530,258,675,372,979,34785,0,35941
2,2,14,1195,738,523,1009,75,397,114,268,337,33010,0,35972
0,1,15,736,619,700,246,354,473,762,217,557,23405,1,36001
1,1,14,590,670,437,545,88,65,147,108,244,29164,0,36010
1,1,14,812,608,475,514,437,329,147,125,632,33145,0,35977
2,2,14,1064,298,388,483,245,331,122,82,877,29954,1,35950
0,0,14,348,112,453,659,534,661,518,402,196,34264,0,35964
0,1,14,546,1106,668,639,432,133,224,1233,427,26478,0,35986
1,1,14,640,594,404,565,707,343,675,753,919,34229,0,36006
0,1,14,786,965,330,173,232,339,615,198,961,22148,1,35991
2,3,14,1329,444,1013,229,236,171,767,637,227,32338,0,35962
2,2,14,950,478,642,156,775,259,858,477,751,32264,0,35949
0,0,14,5,374,205,326,219,548,156,105,253,17532,0,35985
1,1,15,538,767,755,553,480,369,710,281,590,31371,0,36013
1,1,14,544,935,285,651,1205,205,606,707,819,31082,0,36008
1,1,14,643,896,379,403,334,532,504,472,349,32491,0,35992
1,1,14,817,544,384,631,388,533,513,186,511,34343,0,35989
0,1,14,724,653,396,399,301,493,169,454,84,21527,1,35979
2,2,14,1191,322,391,356,665,422,302,206,340,32425,0,35979
1,2,14,972,438,244,251,798,112,596,212,257,27880,1,35963
0,1,14,857,570,495,230,218,621,483,352,418,23565,1,35935
3,3,15,1389,165,655,691,814,804,580,657,742,33461,0,35927
1,1,15,617,405,1136,94,444,1030,120,564,460,30216,0,35931
1,1,15,765,660,675,570,412,581,434,180,609,34185,0,35932
1,2,15,884,797,347,644,603,652,305,263,126,26562,1,35950
3,3,15,1437,240,326,125,177,438,395,653,377,34516,0,35950
2,2,14,1243,766,229,50,662,169,970,462,762,32620,0,35938
1,2,14,946,303,554,277,604,203,461,623,300,25137,1,35935
1,1,15,712,869,275,633,427,185,272,800,518,34721,0,35933
1,1,14,562,597,454,648,599,524,218,933,212,26328,1,35934
2,2,14,1182,294,721,570,484,763,1299,602,250,31642,0,35955
2,2,14,911,281,522,150,513,524,705,196,102,31129,0,35967
0,0,14,40,568,131,396,757,768,781,140,732,25507,0,35958
2,2,14,1202,380,501,535,175,416,277,570,401,27278,1,35939
1,1,14,517,375,550,744,760,658,864,376,598,34567,0,35946
0,0,14,397,333,153,1078,715,423,461,383,298,30728,0,35985
0,1,15,500,330,295,512,116,661,963,297,463,28407,0,35976
1,1,14,647,272,399,486,460,430,663,316,574,33137,0,35949
1,1,15,685,966,181,243,509,384,301,373,1046,31751,0,35951
3,3,14,1337,620,457,238,455,528,186,573,223,33138,0,35952
0,1,14,463,192,374,296,541,401,510,490,210,19662,1,35964
1,1,15,519,266,357,880,263,585,610,213,446,34293,0,35957
0,1,15,630,687,453,653,608,455,359,423,584,24704,1,35940
1,1,14,867,491,317,653,538,196,122,103,230,29158,1,35943
1,1,14,777,354,463,798,234,515,971,689,744,35116,0,35954
1,1,14,509,842,239,599,1017,674,317,609,559,33016,0,35966
0,1,14,493,369,583,976,219,236,433,651,245,15891,1,35952
2,2,14,1198,546,609,418,281,335,308,194,859,28812,1,35941
1,1,15,863,490,145,674,535,184,718,508,272,29472,0,35941
2,2,14,974,294,214,756,241,408,372,480,388,34237,0,35957
0,1,14,466,525,81,330,843,1021,280,824,313,28344,0,35977
1,1,14,637,85,45,98,272,185,346,313,288,27232,0,35970
2,2,14,962,466,237,363,318,368,371,645,310,32995,0,35970
0,1,14,499,234,151,551,597,599,59,667,107,26529,0,35995
3,3,14,1339,678,175,907,601,872,485,236,129,33013,0,36006
1,1,14,816,767,461,132,459,1348,854,251,546,30863,0,36003
1,1,14,591,569,153,201,564,611,64,216,281,30395,0,35998
1,2,14,1181,426,676,311,440,279,854,120,366,26782,1,36024
0,0,14,333,506,591,557,364,860,523,599,173,14484,0,36050
1,2,14,947,368,213,578,358,500,585,172,82,28684,1,36052
0,1,14,471,517,444,516,209,439,837,634,282,24594,0,36037
1,2,14,883,532,908,365,577,708,172,315,437,30191,0,36037
2,2,14,1041,783,167,237,461,262,64,527,123,29220,1,36033
0,0,15,324,425,464,386,792,612,804,95,372,24849,0,36026
2,2,15,1162,594,287,788,340,977,164,316,29,32328,0,36029
0,1,14,922,798,304,761,157,265,359,111,209,18931,1,36048
0,0,14,514,686,273,822,638,523,640,654,563,29158,0,36048
0,1,14,386,1037,145,517,320,769,851,905,612,19606,1,36046
2,2,14,1039,847,456,615,971,668,420,612,571,33438,0,36057
2,2,15,1153,762,212,742,707,240,290,322,316,35147,0,36073
0,1,14,410,219,183,812,643,528,221,170,131,26167,0,36051
1,1,14,636,1013,978,1102,1067,361,405,711,303,25894,1,36014
2,2,14,1008,1044,662,269,276,658,736,503,351,31611,0,36012
1,1,14,664,118,289,568,761,566,129,401,398,35124,0,36046
1,2,14,1083,691,397,737,184,175,436,632,551,25459,1,36056
1,1,14,621,938,583,328,454,587,778,657,222,31034,0,36045
0,0,14,210,383,409,296,719,599,1019,284,288,10169,0,36026
0,0,15,338,472,485,100,311,409,146,445,869,34846,0,36043
1,1,14,720,321,592,54,274,827,741,298,916,35142,0,36062
1,1,14,558,489,370,189,287,664,153,633,122,34339,0,36071
0,0,14,111,724,977,621,342,736,300,189,622,25737,0,36062
2,2,14,1092,712,392,1181,528,760,892,493,294,31952,0,36054
1,1,14,742,233,549,537,354,237,661,595,888,31975,0,36057
0,1,15,535,422,233,423,427,347,470,358,925,27398,0,36071
0,0,14,409,322,556,156,98,35,176,506,482,24604,0,36071
0,1,14,468,463,512,833,551,885,119,727,663,29225,0,36047
1,1,14,766,331,448,852,72,428,524,587,57,33820,0,36036
1,1,15,782,610,73,264,891,379,197,243,213,33474,0,36047
1,1,14,791,44,150,252,544,432,902,892,551,34037,0,36052
1,2,14,1210,242,574,426,47,852,522,439,181,26186,1,36043
1,1,15,564,588,315,474,703,130,778,787,682,30760,0,36044
1,1,14,747,243,354,708,139,1348,211,115,105,31450,0,36057
0,0,15,171,230,755,880,712,341,254,454,537,28339,0,36075
2,2,14,1037,1017,302,552,555,223,150,179,290,31779,0,36081
2,2,14,983,226,442,442,608,521,523,786,570,32293,0,36081
0,1,14,516,398,351,444,735,949,885,510,359,24685,0,36083
2,3,14,1319,450,445,246,263,284,365,170,201,28904,1,36105
0,0,14,316,583,192,327,222,546,780,814,303,30099,0,36128
1,1,14,575,242,361,557,431,434,739,192,138,29126,0,36148
0,0,14,174,376,328,549,498,354,924,898,903,818,0,36147
1,1,14,834,511,799,273,173,204,463,1278,305,30305,0,36142
1,1,15,464,785,427,492,193,237,829,659,562,34619,0,36156
0,0,14,335,397,493,63,755,488,440,528,985,22951,0,36173
2,2,15,1135,344,677,321,193,784,447,311,264,30370,1,36197
1,1,14,567,490,285,306,346,664,1144,581,727,31518,0,36183
0,0,14,181,401,563,481,457,432,244,501,828,33553,0,36159
0,1,15,533,464,569,740,255,514,475,154,662,18809,1,36156
2,2,14,1171,80,516,25,837,326,407,718,862,32154,0,36155
0,1,14,533,628,377,491,208,430,211,182,307,24086,1,36165
2,2,14,987,738,733,544,281,718,604,325,561,30359,0,36172
0,1,14,860,856,698,568,440,499,1075,302,245,20719,1,36167
0,2,14,1180,418,863,290,355,552,113,317,219,16550,2,36154
2,2,14,1019,543,225,266,586,217,327,647,371,33416,0,36153
1,1,15,650,51,456,560,936,903,559,715,365,28214,0,36138
0,1,14,439,1026,218,509,426,451,123,241,616,25546,0,36111
0,0,14,22,507,758,847,514,567,295,329,318,33776,0,36093
1,1,14,736,516,427,503,676,960,284,1314,219,31796,0,36090
1,1,14,814,256,507,494,355,588,63,356,466,34450,0,36097
1,1,14,644,398,925,526,567,840,628,567,244,28830,0,36101
0,0,14,397,584,849,544,450,505,203,588,547,19742,0,36081
